"NUTS_ID","NUTS_NAME","CNTR_CODE","IncomeGroup","Member","timePeriod","stability","diversity","asynchrony","instabilityTemp","instabilityPrec"
"AT11","Burgenland (AT)","AT","High income","old",2008,15.2503707928715,5.23937056313357,0.782370124168039,-22.7352101464808,-6.52105931889222
"AT11","Burgenland (AT)","AT","High income","old",1988,8.25475084648962,5.56066815493406,0.718612548886807,-15.4050256982464,-8.37640578249741
"AT12","Niederösterreich","AT","High income","old",1988,9.36548893216353,5.86945691397113,0.82443012772519,-12.5442178905586,-9.12156323863634
"AT12","Niederösterreich","AT","High income","old",1978,8.08116306925418,2.87148895745573,0.654728035320345,-17.6876626314461,-6.68947629316973
"AT11","Burgenland (AT)","AT","High income","old",1978,7.59529037805507,2.39742089056978,0.741342041220791,-20.7942698030942,-6.95744539701264
"AT12","Niederösterreich","AT","High income","old",1998,11.5364268975033,5.26941570420841,0.450378482899617,-19.8799967375834,-6.08010241808938
"AT13","Wien","AT","High income","old",1988,11.1719330591698,3.94625018115682,0.58889387424756,-14.6849618266223,-10.1205919859733
"AT13","Wien","AT","High income","old",2008,6.44409178218624,4.15255820627515,0.500271716060122,-18.9508501915505,-5.73249017666715
"AT12","Niederösterreich","AT","High income","old",2008,9.90827134954102,5.62366821159593,0.367569315170865,-19.1663938752805,-6.06557170848871
"AT13","Wien","AT","High income","old",1998,7.711971870118,3.59518879664106,0.632546083239865,-20.1127452890673,-5.31480243020342
"AT11","Burgenland (AT)","AT","High income","old",1998,9.89442531303171,5.27926686623268,0.475690562114478,-19.4076166769213,-7.54184954640652
"AT21","Kärnten","AT","High income","old",1978,12.5175735649896,2.51439107667873,0.0688992783554168,-19.2302342507213,-7.8434287258824
"AT21","Kärnten","AT","High income","old",1988,8.31451105425988,3.85942462694052,0.298404321681335,-14.9090558848081,-9.19390675605692
"AT22","Steiermark","AT","High income","old",1998,12.3176920013932,4.04427702612002,0.432623933857604,-16.405503852884,-10.224340906654
"AT22","Steiermark","AT","High income","old",2008,10.970309101946,4.35327432717868,0.455649963493659,-23.3529012317545,-7.57395753844508
"AT22","Steiermark","AT","High income","old",1988,5.91253559330563,4.03127577136645,0.339465748875103,-13.0995007352749,-13.2491972436802
"AT22","Steiermark","AT","High income","old",1978,7.78419933391303,2.60165975477651,0.245994923958357,-19.1201635095352,-9.20455703790553
"AT31","Oberösterreich","AT","High income","old",1998,15.0433035128633,4.78758006472607,0.445389312372463,-23.5876041167328,-6.60700681297136
"AT31","Oberösterreich","AT","High income","old",1988,7.49719626544005,4.98977290379892,0.685889495280125,-15.1874797016481,-9.33900793273562
"AT31","Oberösterreich","AT","High income","old",1978,11.4076895657101,3.03948099172258,0.463952293083048,-17.9374219558281,-6.14544749603381
"AT31","Oberösterreich","AT","High income","old",2008,17.9150272358682,5.04462378280792,0.40659815453344,-24.100851965188,-7.12538827296086
"AT13","Wien","AT","High income","old",1978,10.6060076273035,2.57401296622975,0.601984240893076,-17.8318054232348,-6.24785051030161
"AT21","Kärnten","AT","High income","old",2008,8.79129830055832,4.05164272013335,0.214790380235345,-24.0283038331035,-9.36009172315516
"AT21","Kärnten","AT","High income","old",1998,14.0683544449411,3.93949854751088,0.378920279228055,-18.1350585099604,-8.03775401150641
"AT32","Salzburg","AT","High income","old",2008,8.11452519794348,3.33337647465704,0.193064761668657,-14.2354915767104,-9.36366566588874
"AT33","Tirol","AT","High income","old",1988,12.3559571391124,2.60853217333553,0.117132366377249,-11.666693967426,-11.4786924173075
"AT33","Tirol","AT","High income","old",1978,12.4300999086018,2.65536078793062,0.102049188698056,-13.7776302615255,-8.0652895366474
"AT33","Tirol","AT","High income","old",1998,13.0651011247179,2.42228138375877,0.113222549401862,-17.5315389192237,-6.93444826372093
"AT33","Tirol","AT","High income","old",2008,16.1494790381253,2.15757189965183,0.0718843818851008,-13.9901360003558,-10.058487911319
"AT34","Vorarlberg","AT","High income","old",1978,7.30373251160639,2.05199784133351,0.0674387087529751,-14.6692047490453,-10.7163481407065
"AT34","Vorarlberg","AT","High income","old",1998,14.8159353121923,1.36324088374018,0.0728018841982323,-15.3067379314292,-5.82598003311045
"AT34","Vorarlberg","AT","High income","old",2008,9.13735246898471,1.47519453591579,0.0435528993669128,-10.8142172315496,-10.3320103008751
"AT34","Vorarlberg","AT","High income","old",1988,7.54708561397303,2.04046077415945,0.064098470093479,-8.42003743835996,-12.819922303785
"AT32","Salzburg","AT","High income","old",1988,11.430204979035,3.45153213459375,0.279959345225498,-10.9011686726704,-11.9632137958983
"AT32","Salzburg","AT","High income","old",1978,5.97222578541383,2.66370550028113,0.203279910660055,-11.0191150160111,-6.62803051044599
"AT32","Salzburg","AT","High income","old",1998,9.21443202879255,3.37278971043271,0.352594312017225,-12.0979653687955,-13.861199462805
"BE10","Région de Bruxelles-Capitale / Brussels Hoofdstedelijk Gewest","BE","High income","old",1998,1.52529926129735,1.6,0.325673565093161,-37.5518580650609,-5.57862712292325
"BE21","Prov. Antwerpen","BE","High income","old",1978,10.6582878424207,2.3935382198472,0.0656909910893025,-17.9965052531092,-11.2426732538045
"BE21","Prov. Antwerpen","BE","High income","old",2008,2.00009613375744,1.97493655472148,0.0357340782170726,-13.369391338729,-13.1238806809422
"BE21","Prov. Antwerpen","BE","High income","old",1998,12.884626121156,1.91723670671182,0.115980162023249,-36.9067145361747,-7.28366158549438
"BE21","Prov. Antwerpen","BE","High income","old",1988,12.8417520352406,1.90821571748902,0.120098863352734,-15.5424444014843,-6.11019917850777
"BE22","Prov. Limburg (BE)","BE","High income","old",1998,13.3383968450272,4.00084743506588,0.261699117165999,-34.6286080197054,-7.45038450923923
"BE22","Prov. Limburg (BE)","BE","High income","old",1988,6.800254018119,3.74833144071387,0.407928295941017,-14.9394439732917,-8.03123868416165
"BE22","Prov. Limburg (BE)","BE","High income","old",2008,2.82942868579736,3.83991844882316,0.239279611202885,-12.6551842846319,-9.47530172475901
"BE22","Prov. Limburg (BE)","BE","High income","old",1978,15.8021556128977,4.19741660462711,0.565267228948852,-15.8818380766435,-9.94122063919249
"BE23","Prov. Oost-Vlaanderen","BE","High income","old",1978,10.9232466427226,4.56412998963198,0.234956785186512,-18.5563862227423,-11.235378603145
"BE23","Prov. Oost-Vlaanderen","BE","High income","old",1998,15.440555685591,3.81947311922769,0.419156603358857,-44.5020323408879,-7.25749639535487
"BE23","Prov. Oost-Vlaanderen","BE","High income","old",2008,2.52627764647882,3.41448028682489,0.172833803737152,-13.3158890743361,-15.4591337414642
"BE23","Prov. Oost-Vlaanderen","BE","High income","old",1988,10.6689752013984,3.74961007367819,0.321081450730997,-15.5900718408802,-6.69665852168693
"BE24","Prov. Vlaams-Brabant","BE","High income","old",1998,17.6322403967764,4.45557948709255,0.584367027357567,-37.4074634260312,-5.26165657236062
"BE24","Prov. Vlaams-Brabant","BE","High income","old",2008,4.36984219198791,4.30311526574274,0.54832815411032,-13.4154100285009,-12.9275706695799
"BE24","Prov. Vlaams-Brabant","BE","High income","old",1988,13.6868484177682,4.44933952704275,0.424881840489596,-16.106671612228,-7.58889586071898
"BE25","Prov. West-Vlaanderen","BE","High income","old",1978,10.9787969968676,4.81934495654828,0.58046277214087,-20.8075158510748,-11.0628141455855
"BE25","Prov. West-Vlaanderen","BE","High income","old",1998,16.1432981934702,4.47479008543091,0.67251233251788,-57.5994574695634,-8.50318078211495
"BE25","Prov. West-Vlaanderen","BE","High income","old",1988,7.18122961899212,4.0249945422801,0.61989974594652,-15.7375279099117,-7.62833863527235
"BE25","Prov. West-Vlaanderen","BE","High income","old",2008,2.81670223237928,3.94446651521487,0.293870951246442,-13.6411397999363,-10.9294662343569
"BE31","Prov. Brabant Wallon","BE","High income","old",1988,26.2049603479846,3.85991576914004,0.616476331877755,-16.2831982951318,-7.11758409456777
"BE31","Prov. Brabant Wallon","BE","High income","old",1998,21.0737590488965,3.82133683904166,0.537012372619533,-37.2361240631243,-4.84685240403984
"BE31","Prov. Brabant Wallon","BE","High income","old",2008,7.0094740328889,4.09391989776175,0.735568551627957,-13.4944813599489,-11.9871081885485
"BE32","Prov. Hainaut","BE","High income","old",1998,13.6883008528282,4.34301244642537,0.601014255386657,-39.4743564131652,-7.23017324816688
"BE32","Prov. Hainaut","BE","High income","old",1988,6.30059547112579,4.14964314915933,0.555179029623471,-14.8350821336846,-8.18921876195635
"BE32","Prov. Hainaut","BE","High income","old",2008,3.40849581411385,4.2809162921816,0.493091028968104,-12.8366076601577,-13.111906460017
"BE32","Prov. Hainaut","BE","High income","old",1978,9.36877827416082,4.33537164425897,0.619991132492174,-17.9540079330528,-10.313809115955
"BE33","Prov. Liège","BE","High income","old",1988,7.93531499265739,3.70897356283888,0.620801960472322,-14.4976164947236,-8.77189907911801
"BE33","Prov. Liège","BE","High income","old",1978,9.899549039371,3.76410174010074,0.63634223405726,-14.8399970487408,-9.89969913077297
"BE33","Prov. Liège","BE","High income","old",2008,4.95502335089225,4.27216916024384,0.625593835492792,-12.0823140934144,-8.6557548180755
"BE33","Prov. Liège","BE","High income","old",1998,15.1866766143545,4.03893114386343,0.615968145710511,-29.6970923025363,-6.72691745632241
"BE34","Prov. Luxembourg (BE)","BE","High income","old",1988,6.36593552184691,3.34937261130313,0.367397256451356,-13.4164960383574,-8.12438077060552
"BE34","Prov. Luxembourg (BE)","BE","High income","old",1998,9.8942729554578,3.52214411976686,0.28210439514592,-24.5404940287318,-5.19238558764887
"BE34","Prov. Luxembourg (BE)","BE","High income","old",1978,6.82769637163512,3.36433819675959,0.217642624910808,-14.6048494089555,-9.30566885813229
"BE34","Prov. Luxembourg (BE)","BE","High income","old",2008,2.32103208327502,3.17608463855133,0.181532068656336,-11.1855078911093,-10.333933485725
"BE35","Prov. Namur","BE","High income","old",1988,6.67576524908042,4.14348115223811,0.694544197624696,-13.8770681426749,-6.45264574828883
"BE35","Prov. Namur","BE","High income","old",1998,15.3292327636425,4.41378559953693,0.675236964612092,-29.2042745885033,-5.61724474489884
"BE35","Prov. Namur","BE","High income","old",2008,4.67450843540007,4.52069210837846,0.596950944327862,-11.9259493635633,-13.0209701732721
"BE10","Région de Bruxelles-Capitale / Brussels Hoofdstedelijk Gewest","BE","High income","old",1988,3.07927348740272,2.3486614270345,0.699711276737806,-16.1534869474115,-7.00844030566344
"BE10","Région de Bruxelles-Capitale / Brussels Hoofdstedelijk Gewest","BE","High income","old",2008,1.9458235941251,2.34148126642614,0.0576971087493308,-13.870573015479,-11.6075995148416
"BE10","Région de Bruxelles-Capitale / Brussels Hoofdstedelijk Gewest","BE","High income","old",1978,0.978096455738802,2.35355339059327,0.446126602920374,-18.4393396445359,-8.2954385572456
"BE35","Prov. Namur","BE","High income","old",1978,9.0969125672754,3.97262782795894,0.585016295837768,-15.467639766602,-10.1038524360516
"BG","Bulgaria","BG","Upper middle income","new",1998,3.20445014669567,3.64120180315211,0.457847641704112,-21.2319329661981,-4.32074900006495
"BG","Bulgaria","BG","Upper middle income","new",2008,11.9167457957641,5.50599191068621,0.529601160064419,-26.046920761913,-4.11256082136308
"BG","Bulgaria","BG","Upper middle income","new",1988,5.7526320003026,6.21945832471966,0.401526369772329,-18.9635151421663,-7.46318762319166
"CY","Cyprus","CY","High income","new",1998,5.30862213014902,5.92588773190322,0.462324851453214,-64.0721609175319,-4.33421281154287
"CY","Cyprus","CY","High income","new",2008,3.40326621825747,7.10108519522837,0.407369183758856,-54.6402788429797,-3.39841441619329
"CY","Cyprus","CY","High income","new",1988,4.30058043460083,4.23096314572485,0.244892504629525,-41.4444925058793,-2.89333289151801
"CZ02","Strední Cechy","CZ","High income","new",2008,13.3288359584878,4.18576925799057,0.465644950214482,-17.4863769737277,-7.53679421774303
"CZ01","Praha","CZ","High income","new",2008,14.053244664805,3.68312706983996,0.573474388153282,-19.6715827398185,-6.45318848404511
"CZ01","Praha","CZ","High income","new",1998,7.58449056895075,3.80415356539164,0.554374559453795,-24.5750403810784,-4.36063898267839
"CZ02","Strední Cechy","CZ","High income","new",1998,9.77902354005141,4.26886034252635,0.44745465205861,-22.4555114711508,-5.03004404795179
"CZ04","Severozápad","CZ","High income","new",2008,12.5440853514311,3.71111018534068,0.471468826055963,-15.232083342693,-7.40077934882145
"CZ03","Jihozápad","CZ","High income","new",1998,7.18206452254632,3.51135604512348,0.306040068223104,-22.0622976335076,-4.04519672661012
"CZ03","Jihozápad","CZ","High income","new",2008,16.7550291870203,3.437850020775,0.438754935566294,-16.5124475219575,-9.98283962316751
"CZ04","Severozápad","CZ","High income","new",1998,10.0015663510586,3.80102493315539,0.495329789434404,-23.3764911535198,-5.57660656524765
"CZ06","Jihovýchod","CZ","High income","new",1998,8.48945655722106,4.49384359343684,0.4700978349284,-17.0907201472186,-6.83968318254226
"CZ07","Strední Morava","CZ","High income","new",1998,12.8288250891684,4.42767898166239,0.646202358754193,-15.6520060186435,-6.25484771709856
"CZ07","Strední Morava","CZ","High income","new",2008,13.2758799900549,4.46368260736606,0.638436365531928,-15.3722606063692,-6.78887305096897
"CZ08","Moravskoslezsko","CZ","High income","new",2008,15.2335896703288,4.40281005267255,0.590258360824335,-15.4203139572564,-6.39414961851088
"CZ08","Moravskoslezsko","CZ","High income","new",1998,10.6678229165998,4.35921671505235,0.476116836943479,-15.7305340105943,-8.89752868502442
"CZ05","Severovýchod","CZ","High income","new",2008,14.4768630347263,4.29404788518497,0.54159291812139,-14.3443132900422,-7.45725468758449
"CZ05","Severovýchod","CZ","High income","new",1998,10.4498555127222,4.229560671322,0.463752530237703,-16.7988978127839,-7.29774005663688
"CZ06","Jihovýchod","CZ","High income","new",2008,10.2854377797906,4.44779847740187,0.297421199261433,-15.4971014356426,-6.30433655407812
"DE1","Germany","DE","High income","old",1978,13.6039792530133,3.35433165787051,0.330781177597375,-18.8987325316392,-10.9830202456666
"DE2","Germany","DE","High income","old",1978,14.4685264753848,3.4630120900314,0.343033395857681,-16.4275479242207,-9.62902849041108
"DE1","Germany","DE","High income","old",1988,12.370359223962,3.3506526866787,0.433100443607222,-15.8306431108238,-7.01137878893964
"DE1","Germany","DE","High income","old",1998,2.52523140775293,3.87735647154903,0.187455578561111,-28.9603469156089,-5.17163626537613
"DE1","Germany","DE","High income","old",2008,8.98038112731832,4.11138537877725,0.345405801331727,-17.1693228552755,-7.14433056700161
"DE4","Germany","DE","High income","old",1988,4.28067840586183,3.9021368986596,0.409505469166332,-13.8059970688674,-7.73287236757215
"DE4","Germany","DE","High income","old",1998,4.38354380312351,5.07835630738743,0.377992608086906,-25.3264631246794,-4.58057406481881
"DE4","Germany","DE","High income","old",2008,11.5436560592596,4.73680554598745,0.588776458303775,-15.9154688399476,-9.36778958086726
"DE5","Germany","DE","High income","old",1978,1.1183706646999,2.61597151692323,0.251431369069613,-15.3445951760646,-8.34498290405113
"DE5","Germany","DE","High income","old",1988,0.604625000841381,2.87087690082068,0.00192187489390583,-13.6031953114628,-7.95639602655593
"DE6","Germany","DE","High income","old",1978,8.63794008132366,2.64588678623318,0.397250844395592,-15.7169306974412,-6.54152706072624
"DE6","Germany","DE","High income","old",1988,2.90604061147903,2.8372171185763,0.213533521772845,-12.4229002856572,-7.2890629792755
"DE7","Germany","DE","High income","old",1978,15.4835203644014,3.10763098678472,0.523785628201223,-16.9839172797091,-6.33471997135637
"DE7","Germany","DE","High income","old",1988,14.9190490303611,3.54854511239966,0.426368112890109,-15.9134383487692,-6.87613134236138
"DE7","Germany","DE","High income","old",1998,7.72831257380205,4.11537176815663,0.411004074021452,-32.8428864868693,-6.01728835495469
"DE2","Germany","DE","High income","old",1988,13.5181293926174,3.77154232156461,0.345898611621678,-15.057031471199,-10.5512328854437
"DE2","Germany","DE","High income","old",1998,4.32975190839801,4.80458646624396,0.203561997012772,-26.5659819920132,-5.72452648664814
"DE2","Germany","DE","High income","old",2008,8.77570504067205,4.49681163484578,0.300961138765812,-17.7857915126625,-9.38672618696973
"DE8","Germany","DE","High income","old",1998,8.08608078552374,4.25218929675439,0.567028828028806,-28.3431840292533,-6.13428773280807
"DE9","Germany","DE","High income","old",1978,12.0619554381888,3.4346714499917,0.33369875755346,-16.1802557679828,-8.72618411902496
"DE9","Germany","DE","High income","old",1988,11.7762108538302,4.37731418231294,0.517728703267021,-12.9457234902814,-8.00132750594332
"DE9","Germany","DE","High income","old",1998,4.58662773319687,5.23002464821237,0.324188669097524,-27.9917186256704,-5.23723546250313
"DE9","Germany","DE","High income","old",2008,9.79653311408668,4.91404502254364,0.375607386533726,-13.9239300865861,-9.84041356571268
"DEA","Germany","DE","High income","old",1978,15.5539167846126,2.9977860745336,0.425640962263408,-18.5420684260462,-10.3070584843958
"DEA","Germany","DE","High income","old",1988,14.3113675199729,3.84989027160215,0.423881547205109,-14.3184040582863,-9.09972273638155
"DEA","Germany","DE","High income","old",1998,5.30803015945861,4.79191935465492,0.323467943851033,-30.6300148217891,-7.32576263720058
"DEA","Germany","DE","High income","old",2008,13.5667506507862,4.74176607509737,0.49926918370978,-14.8948392910259,-10.1493719846641
"DEB","Germany","DE","High income","old",1978,10.8642216668646,2.81541431599001,0.495801796013042,-18.2436729835632,-8.82309781429301
"DEB","Germany","DE","High income","old",1988,17.9769380991552,3.09138997746052,0.675517851728258,-16.3626808252702,-9.31097704470637
"DEB","Germany","DE","High income","old",1998,7.31597850948723,4.48378229918337,0.504087375987035,-30.5147573222124,-6.09575634773488
"DEB","Germany","DE","High income","old",2008,15.8658348446535,4.57810514085631,0.700794053214964,-14.6684415683495,-7.58682590616792
"DEC","Germany","DE","High income","old",1978,5.17838431475891,2.36115295770003,0.28381809784822,-19.5386908499999,-6.71110294043627
"DEC","Germany","DE","High income","old",1988,9.56098771560668,2.75627286073997,0.529548625199783,-15.6517583407677,-9.70231082209066
"DEC","Germany","DE","High income","old",1998,5.15513954159247,3.79465915223414,0.320959310333888,-26.5141945336577,-5.65489781013608
"DEC","Germany","DE","High income","old",2008,8.99836337923957,3.69118620684487,0.58684527281601,-14.1101109299563,-8.80463477100082
"DED","Germany","DE","High income","old",1988,8.97983446126436,3.63923100620701,0.591359700141789,-12.9534092939934,-7.65838209724992
"DED","Germany","DE","High income","old",1998,6.62909625236556,4.46943749080782,0.490709090250833,-24.3804066506854,-5.91047261243436
"DED","Germany","DE","High income","old",2008,12.741220370763,4.40538503339083,0.503865257062871,-14.7221408610605,-6.58205495702083
"DEE","Germany","DE","High income","old",1988,7.37505954671619,4.18217739057774,0.482734710005384,-13.0883146335949,-5.42338478505713
"DEE","Germany","DE","High income","old",1998,8.11681238955186,4.43529992465428,0.555020169880379,-27.571851296503,-4.1699685504697
"DEE","Germany","DE","High income","old",2008,11.0091685652758,4.58663185984447,0.605617758072981,-14.6896393772679,-5.60552511135364
"DEF","Germany","DE","High income","old",1978,8.25159550038894,3.44851219103986,0.343695658124233,-15.0837370093439,-9.0305413574079
"DEF","Germany","DE","High income","old",1988,9.82417753379793,3.70389222168169,0.574123131097545,-13.099530785513,-7.89620493711328
"DEF","Germany","DE","High income","old",1998,5.29931508636737,4.22381357156904,0.443169519491114,-27.4537629663348,-6.26308306348266
"DEF","Germany","DE","High income","old",2008,8.36781902673856,3.94567230683582,0.800839329927783,-12.2890596068036,-10.5488634795053
"DEG","Germany","DE","High income","old",1988,14.1924921595026,3.42778314636185,0.726325937132367,-13.4584846423533,-6.46947336754693
"DEG","Germany","DE","High income","old",1998,8.24437896870591,3.99905437228706,0.497803145135053,-27.6342113749078,-5.38549059094306
"DEG","Germany","DE","High income","old",2008,13.5143847043677,4.00454798825275,0.467215638150872,-14.0041117059022,-6.48075196478291
"DE8","Germany","DE","High income","old",2008,14.8533654289566,4.27923874783844,0.78890041089918,-15.1108868315607,-6.72205960305864
"DE8","Germany","DE","High income","old",1988,6.22934534209059,3.90006032106224,0.485400904146844,-12.6992144169777,-9.33679197701189
"DE7","Germany","DE","High income","old",2008,15.9257015607788,4.13636723877734,0.763450465699773,-15.6671970880056,-8.1614952010676
"DK","Denmark","DK","High income","old",1998,36.6968109275906,5.0462495852018,0.918963002224239,-23.5346869770878,-6.67209514338285
"DK","Denmark","DK","High income","old",1978,8.87763703461402,3.89587014634937,0.424576625116826,-13.3966760955943,-9.77891166831951
"DK","Denmark","DK","High income","old",1988,12.7090458479996,4.91081611287329,0.61357439796977,-13.152966404647,-4.09480654746839
"DK","Denmark","DK","High income","old",2008,18.8934448928484,5.2573953196025,0.803338938643071,-10.9795481932494,-16.0412734146288
"EE","Estland","EE","High income","new",2008,6.13180584119941,5.49001793363463,0.342841071455875,-9.5222386567572,-6.84329049010369
"EE","Estland","EE","High income","new",1988,8.1511124398138,4.64603529060236,0.597704645868865,-7.69834129510116,-9.29098830491369
"EE","Estland","EE","High income","new",1998,8.2632401969046,5.20581042163974,0.370331157296168,-11.2022289361696,-4.27850963616066
"EL41","Βόρειο Αιγαίο","EL","High income","old",2008,2.2899811810218,3.84350942035269,0.673353880361704,-35.6679423269702,-4.47575194489946
"EL41","Βόρειο Αιγαίο","EL","High income","old",1988,7.78946533590018,1.37184356958325,0.129339174077687,-35.6889650396189,-5.16855740125259
"EL41","Βόρειο Αιγαίο","EL","High income","old",1998,8.53647571399873,4.37930875669419,0.2724693073349,-43.2238560697233,-4.49369475140746
"EL42","Νότιο Αιγαίο","EL","High income","old",1998,7.69920220226897,4.18033297179863,0.795376553791281,-75.0434760166911,-2.90346160126874
"EL42","Νότιο Αιγαίο","EL","High income","old",1988,7.73506492621248,1.71623105598344,0.251311086409787,-39.9372499606784,-3.65287364405661
"EL42","Νότιο Αιγαίο","EL","High income","old",2008,2.28836774250617,4.26788034495066,0.515386456272285,-28.0332723722802,-4.09812056250822
"EL43","Κρήτη","EL","High income","old",1978,8.14416857052546,2.24880441539029,0.911079017489821,-52.0530432091573,-5.70834067819884
"EL43","Κρήτη","EL","High income","old",2008,3.66189146128465,2.9549314587342,0.700904166821767,-28.0411305072344,-3.27547910006434
"EL43","Κρήτη","EL","High income","old",1998,5.00049390751123,2.1500401029476,0.617530323302052,-47.3912999136602,-3.55662907209844
"EL43","Κρήτη","EL","High income","old",1988,6.08500211694763,2.08797572466359,0.743764959638171,-44.5402005730417,-4.09819629902999
"EL51","Aνατολική Μακεδονία, Θράκη","EL","High income","old",2008,8.82074924939031,6.46290893525931,0.615693286764256,-26.0539395538164,-4.83058390574312
"EL51","Aνατολική Μακεδονία, Θράκη","EL","High income","old",1998,22.345012400789,5.76308801221407,0.643160094053181,-29.5328969906781,-4.92613892860339
"EL52","Κεντρική Μακεδονία","EL","High income","old",2008,11.3369537009466,6.86327006162672,0.748973812546831,-39.1465380956562,-4.26956933802832
"EL52","Κεντρική Μακεδονία","EL","High income","old",1998,18.2273786751182,4.51869186738305,0.66369377361695,-34.9085691005432,-7.80608318370814
"EL53","Δυτική Μακεδονία","EL","High income","old",2008,6.60061627175109,6.18298916076253,0.595985044013202,-24.6763744535238,-4.87316511697603
"EL53","Δυτική Μακεδονία","EL","High income","old",1998,17.7628141949475,4.70756494540847,0.816211911599261,-27.7186586468457,-6.91024943605152
"EL54","Ήπειρος","EL","High income","old",1998,17.6301025432269,3.39354255654478,0.625581688246995,-46.7240391198453,-15.5700064823317
"EL54","Ήπειρος","EL","High income","old",2008,9.77855430297645,3.79971075851024,0.420949866069421,-28.4699609214542,-4.08310586350985
"EL61","Θεσσαλία","EL","High income","old",2008,21.111655529966,4.59577110507798,0.851976297187248,-34.7935490374058,-5.84224601526109
"EL61","Θεσσαλία","EL","High income","old",1998,21.68688362943,3.36184659991483,0.595278448877366,-40.9250655498856,-6.42230332972558
"EL62","Ιόνια Νησιά","EL","High income","old",2008,4.49695289945291,4.24952534904748,0.719840771844924,-31.9605496240476,-4.76958092253906
"EL62","Ιόνια Νησιά","EL","High income","old",1998,31.5500460818712,4.9352832272803,0.443811376571473,-55.9841902414522,-18.7492849510254
"EL63","Δυτική Ελλάδα","EL","High income","old",2008,4.33631871782275,3.97410369063265,0.449704912900278,-42.9486154612892,-8.47472332164613
"EL63","Δυτική Ελλάδα","EL","High income","old",1998,18.3917539606611,3.73021071312211,0.811766958701426,-62.6593274677264,-8.50073503779819
"EL64","Στερεά Ελλάδα","EL","High income","old",1998,15.2034427025353,3.65966862801727,0.742144161069227,-45.0148887776614,-5.26667472023172
"EL64","Στερεά Ελλάδα","EL","High income","old",2008,9.93813524759845,4.71801151239073,0.892948327274295,-29.4150070252779,-8.59309714553491
"EL65","Πελοπόννησος","EL","High income","old",1998,20.0266021341243,5.18728443639153,0.879547261953137,-31.1787849754049,-5.19425086990003
"EL65","Πελοπόννησος","EL","High income","old",2008,3.92662289441495,6.24394609445896,0.773609688791628,-32.2647213421461,-5.21717872366576
"EL30","Aττική","EL","High income","old",1998,6.4365881024489,1.93080258151502,0.521692505264818,-43.8645666283622,-3.47579498751012
"EL30","Aττική","EL","High income","old",2008,2.96659856522702,2.75809776740247,0.8141471229712,-29.5295847611632,-8.40750461063455
"EL30","Aττική","EL","High income","old",1988,4.39710819662029,1.54045225403929,0.229763426398253,-35.5820585554327,-3.6375953106864
"ES11","Galicia","ES","High income","old",2008,1.98869967982424,2.15307655390185,0.0032231753268438,-33.9677437987521,-5.47648654240875
"ES12","Principado de Asturias","ES","High income","old",1998,3.34351489698151,1.73050202624229,0.00682539550953198,-37.4035409330203,-17.7979442042398
"ES11","Galicia","ES","High income","old",1988,7.27657021367277,2.06329657899471,0.354478994005134,-20.0141579991361,-8.83741290890619
"ES11","Galicia","ES","High income","old",1978,18.8664906374119,1.97119395893352,0.252636341310144,-34.0627474695004,-8.12760482108528
"ES11","Galicia","ES","High income","old",1998,2.79613064810852,2.7413503889385,0.0256700481781075,-41.2226400852926,-4.96963394410679
"ES13","Cantabria","ES","High income","old",1988,9.69625876894661,2.20833291509504,0.0751050842105618,-18.8465342637533,-7.73338252894956
"ES12","Principado de Asturias","ES","High income","old",1988,29.0858512114735,1.8584034400662,0.204439892482845,-20.0479060992488,-11.8321505665646
"ES12","Principado de Asturias","ES","High income","old",1978,7.38884510943096,1.98146982809159,0.0958064032850473,-28.1614168980045,-8.19801231501378
"ES12","Principado de Asturias","ES","High income","old",2008,2.24111031394154,1.3849663482777,0.000868109336159661,-28.0536215183573,-6.98373450633682
"ES21","País Vasco","ES","High income","old",1978,13.3948479602737,2.87563940875982,0.607191377574503,-30.538998807717,-7.20511133297428
"ES21","País Vasco","ES","High income","old",1988,14.1494923986781,3.47625356980727,0.767843089213925,-18.0631661027053,-7.13548896075034
"ES21","País Vasco","ES","High income","old",2008,2.12880659779224,2.84810088136754,0.0871737566160725,-19.1532454057426,-4.76567728041057
"ES21","País Vasco","ES","High income","old",1998,3.12801304775451,3.15753880907905,0.13875998307328,-25.3614194261344,-12.9558287019773
"ES22","Comunidad Foral de Navarra","ES","High income","old",1978,5.30733093838324,1.36113103807389,0.369073428746385,-27.3128352605325,-7.60251228819288
"ES22","Comunidad Foral de Navarra","ES","High income","old",1988,6.22081053003217,1.718044213986,0.484284445576447,-23.222625023782,-6.79055796559608
"ES22","Comunidad Foral de Navarra","ES","High income","old",2008,2.41751954539209,2.61205711898988,0.194494595116923,-22.6068322773249,-5.89180731128614
"ES22","Comunidad Foral de Navarra","ES","High income","old",1998,2.768183069035,2.91885765380777,0.178873911536957,-28.8170028736347,-9.96393686722318
"ES23","La Rioja","ES","High income","old",1988,11.2127335701841,2.16509111772747,0.667985832167287,-18.1969718374998,-6.25901357890826
"ES23","La Rioja","ES","High income","old",2008,2.06531100253443,2.24828436662953,0.108221845187855,-17.690840071973,-4.72891761674142
"ES23","La Rioja","ES","High income","old",1998,3.15892794982216,2.57533690407329,0.2824852880527,-24.2784331144504,-8.82508757268601
"ES23","La Rioja","ES","High income","old",1978,5.07309628966163,1.9195062124667,0.257186415468989,-22.7188298678342,-6.22703247092235
"ES24","Aragón","ES","High income","old",1988,4.02923883235396,1.58425976440349,0.33815427873507,-22.7426968783108,-6.5028216323983
"ES24","Aragón","ES","High income","old",1978,5.30256087732779,1.35811729532237,0.400226548768549,-30.5744941824508,-7.48451238398319
"ES24","Aragón","ES","High income","old",2008,1.55071806904194,2.29943207028784,0.186002946480979,-21.3828656977185,-7.36682744961299
"ES24","Aragón","ES","High income","old",1998,2.45686613708463,2.99305022171323,0.281145674889811,-37.9207829723246,-6.22229942275273
"ES30","Comunidad de Madrid","ES","High income","old",1978,4.41418375630078,1.66380185062384,0.272091619838152,-33.1713757477607,-5.13875432735299
"ES30","Comunidad de Madrid","ES","High income","old",2008,1.47536438566024,1.96527584425035,0.133631220347073,-23.149122373549,-5.03507956148132
"ES30","Comunidad de Madrid","ES","High income","old",1988,3.25804165968614,1.55171160273145,0.226797384845214,-23.0387926061548,-4.2015243320855
"ES30","Comunidad de Madrid","ES","High income","old",1998,2.64057194392392,2.14879580790027,0.338052643716862,-43.5294079142968,-6.32693016577574
"ES41","Castilla y León","ES","High income","old",2008,1.8090909241473,2.82694994383495,0.151890140182127,-21.5626510164761,-6.22555804807337
"ES41","Castilla y León","ES","High income","old",1988,4.90183506909192,1.96821365575616,0.379912133287202,-18.0066540101623,-5.22571689689654
"ES41","Castilla y León","ES","High income","old",1998,2.92230452985272,2.72717367332773,0.284134113079067,-30.7392840254149,-7.13385576761208
"ES41","Castilla y León","ES","High income","old",1978,5.12486449617459,1.88612258632286,0.324571792806959,-28.6476275878713,-6.30360556672237
"ES42","Castilla-La Mancha","ES","High income","old",1998,3.5886962808834,2.89765767490273,0.204881710710483,-46.4279869960248,-7.53797177842477
"ES42","Castilla-La Mancha","ES","High income","old",1978,5.85474639005826,2.06883191322501,0.387662045905462,-33.4045500300592,-6.78242002569059
"ES42","Castilla-La Mancha","ES","High income","old",1988,3.16869870691973,1.9488455096491,0.209492799092339,-22.7026521883916,-4.74310373415025
"ES42","Castilla-La Mancha","ES","High income","old",2008,1.938939752253,2.32771894970714,0.0776079963422621,-25.5771324669464,-5.02508730613184
"ES43","Extremadura","ES","High income","old",2008,1.40945968668984,3.21193737494565,0.0996129525740844,-40.1167707728125,-4.56826272860769
"ES43","Extremadura","ES","High income","old",1988,3.36952447800174,3.23504232437577,0.660450526144389,-24.8653376055057,-3.83595604713305
"ES43","Extremadura","ES","High income","old",1978,6.17303182291317,2.66384397659842,0.498320519009293,-41.5061888266217,-4.92651697783989
"ES43","Extremadura","ES","High income","old",1998,2.4149398327345,4.71707271394038,0.438517339323585,-58.8043708435048,-5.41184722881228
"ES51","Cataluña","ES","High income","old",1978,5.00754175568816,2.20451521198897,0.340256590442014,-31.6618179034537,-5.04959426851519
"ES51","Cataluña","ES","High income","old",1988,7.07754573646023,2.31231141201396,0.455800174291563,-23.4256996546933,-7.60944104843569
"ES51","Cataluña","ES","High income","old",2008,2.3036813250744,2.71515264798273,0.22845081867267,-21.9893894848836,-9.56460441721676
"ES51","Cataluña","ES","High income","old",1998,2.85718653128201,2.93291276467894,0.217844535798953,-42.8766484783035,-6.6363664250389
"ES52","Comunidad Valenciana","ES","High income","old",1978,12.4135991655321,3.86905165366792,0.327594601956812,-45.5043493270787,-5.82964646376944
"ES52","Comunidad Valenciana","ES","High income","old",1998,2.84562590872779,3.76972810011529,0.298832214151548,-50.4947949758763,-5.97957349360147
"ES52","Comunidad Valenciana","ES","High income","old",1988,13.9610043373445,3.71990967257242,0.62674739040151,-31.6612338183449,-4.20323776102529
"ES52","Comunidad Valenciana","ES","High income","old",2008,2.02451549315368,2.98904342892683,0.137909974304928,-32.8454114857961,-7.04656085506543
"ES53","Illes Balears","ES","High income","old",2008,1.66258303890136,1.81623977834222,0.174279892766144,-30.2540678001246,-5.5339396030944
"ES53","Illes Balears","ES","High income","old",1978,9.09642359287217,1.9161976032164,0.570260174760755,-34.5081285233645,-5.58253624756843
"ES53","Illes Balears","ES","High income","old",1998,2.67929285489551,2.39313064742058,0.242880392316452,-40.9707838821451,-4.59496210132528
"ES53","Illes Balears","ES","High income","old",1988,3.05320198054538,1.88801646297741,0.467553219969432,-26.6791409184799,-5.45852230567604
"ES61","Andalucía","ES","High income","old",1978,6.70473464899259,3.36048680393857,0.528505849422181,-48.9087485611364,-5.18557397016704
"ES61","Andalucía","ES","High income","old",1988,3.91982898360368,3.26137530285677,0.290124440098608,-30.4844260775837,-2.71461402233877
"ES61","Andalucía","ES","High income","old",2008,1.78183977368248,3.81726988071214,0.38819724160361,-51.4577334848765,-3.43968509164028
"ES61","Andalucía","ES","High income","old",1998,2.4674102151549,4.0786965063475,0.326503742413843,-70.3464304877012,-4.56002491712935
"ES62","Región de Murcia","ES","High income","old",1998,2.20474069402531,1.91901714585875,0.238395569332181,-51.2570405702687,-5.65370340805032
"ES62","Región de Murcia","ES","High income","old",1978,3.51314136955775,1.3580112550186,0.135651320795318,-48.8031008158723,-4.98595661466058
"ES62","Región de Murcia","ES","High income","old",2008,2.47988789940506,2.3058555642871,0.32587194708275,-30.0501599919311,-4.10367084721331
"ES62","Región de Murcia","ES","High income","old",1988,2.54762531892225,1.35361502337395,0.152828348184538,-34.4664110011348,-3.78921793942436
"ES70","Canarias","ES","High income","old",1978,7.67469272047195,1.68780383427245,0.635071090558014,-42.2417859709415,-3.46262701097139
"ES70","Canarias","ES","High income","old",1998,2.25654269050609,1.52380934547805,0.0401064301221196,-60.7348569645284,-3.6324911890212
"ES70","Canarias","ES","High income","old",2008,2.1223811315373,1.62489106904172,0.0698562358948006,-67.1486067473796,-4.47753755424502
"ES70","Canarias","ES","High income","old",1988,4.37726741684135,1.51182378307458,0.46677912707274,-42.0997706663415,-3.18074870012611
"ES13","Cantabria","ES","High income","old",1998,3.02112308024845,2.82906506008639,0.0199834851081458,-29.6589224597962,-21.6610933164246
"ES13","Cantabria","ES","High income","old",2008,1.9444820899376,2.52282209590661,0.0233853243514645,-20.1944540167035,-5.89853190511497
"ES13","Cantabria","ES","High income","old",1978,21.2117550857736,2.32674307804016,0.0811346132001358,-24.317980794285,-6.91132909582849
"FI1","Finnland","FI","High income","old",1998,16.9737792972436,2.82944225153929,0.486440222349628,-7.98741652065988,-8.17150903255767
"FI1","Finnland","FI","High income","old",2008,15.2769133509266,2.78290037472827,0.503251367521575,-5.64705181334026,-7.02724699330119
"FI2","Finnland","FI","High income","old",1998,11.4083995204388,3.96952065624765,0.71574819150629,-16.012620697392,-7.5786067491352
"FI2","Finnland","FI","High income","old",2008,13.1670003669682,3.0504077200198,0.388942261251243,-8.28727803604405,-6.44724629888131
"FR10","Île de France","FR","High income","old",1988,21.4868862479152,3.51332324274912,0.492479816455677,-17.9857924377906,-6.80858911101878
"FR21","Champagne-Ardenne","FR","High income","old",1998,16.2430827073106,4.42010764675057,0.543408202493206,-31.3369315464865,-6.23017761441211
"FR10","Île de France","FR","High income","old",1978,16.0260825587076,3.67398760138708,0.835213448108583,-19.6997187537574,-8.68954443476336
"FR10","Île de France","FR","High income","old",1998,12.7347254548333,3.54971321535479,0.306731159767136,-45.2769769200894,-5.76850049333989
"FR10","Île de France","FR","High income","old",2008,2.76217023572361,3.44622461976761,0.0690282526184679,-16.9919064909971,-12.1662602370655
"FR22","Picardie","FR","High income","old",1998,20.3423730863062,4.13640987518817,0.591918398323122,-49.2203421006227,-5.91534798633188
"FR22","Picardie","FR","High income","old",1988,32.3967621765156,4.20768037611244,0.609604476547156,-15.8921436654361,-7.21796122096598
"FR22","Picardie","FR","High income","old",2008,1.79934084877562,3.40202066469295,0.0454233795629481,-15.1067712887416,-12.9563211637496
"FR22","Picardie","FR","High income","old",1978,11.5261475812774,3.63764050274441,0.829539190698066,-17.8947563917571,-10.7811485369142
"FR23","Haute-Normandie","FR","High income","old",1978,4.37715493498079,3.88321741600433,0.342494693148606,-19.652115119007,-11.0958668619851
"FR23","Haute-Normandie","FR","High income","old",1988,27.3497925183986,4.50344069412818,0.513378911579425,-17.3260174943115,-5.78914417816493
"FR23","Haute-Normandie","FR","High income","old",2008,1.80246287617145,3.24685096304994,0.0895547626662148,-15.9807442775489,-11.7940826246618
"FR23","Haute-Normandie","FR","High income","old",1998,18.3715586350909,4.45197086282599,0.662268072177567,-54.117221748371,-8.201447699618
"FR24","Centre","FR","High income","old",1978,6.94508561887058,3.62784886300051,0.664528005458389,-20.1770181955722,-9.74493483934828
"FR24","Centre","FR","High income","old",1988,21.0257402163892,4.28678066490438,0.637485062065246,-18.6470834343115,-6.72235382685312
"FR21","Champagne-Ardenne","FR","High income","old",1978,10.9511249428897,3.4638049306987,0.878300078833228,-18.1241136330803,-9.16777325073824
"FR21","Champagne-Ardenne","FR","High income","old",1988,26.5859885599576,4.52706626096738,0.455910757352704,-16.6436668333094,-7.21342749962162
"FR21","Champagne-Ardenne","FR","High income","old",2008,1.7963593278819,3.66573712303863,0.0531784547052316,-15.2129776487888,-12.2507296710213
"FR25","Basse-Normandie","FR","High income","old",2008,1.80349192828213,3.02414326796915,0.0243141747008498,-17.7994840903632,-10.4864215598153
"FR25","Basse-Normandie","FR","High income","old",1988,15.6781674323614,3.43195123764548,0.656124529304368,-19.0224909105667,-6.01113882484533
"FR25","Basse-Normandie","FR","High income","old",1998,22.2437430748652,3.55723693740764,0.595108334831842,-56.798290903653,-8.69290807418633
"FR26","Bourgogne","FR","High income","old",1978,5.26084524618002,2.88519871108706,0.623443658872179,-19.8512820912458,-8.9294948355376
"FR26","Bourgogne","FR","High income","old",1988,26.3496566660524,4.295996636363,0.524737696368534,-19.1378739521937,-6.78848661390325
"FR26","Bourgogne","FR","High income","old",2008,1.81814419833028,3.37219786254953,0.0519731583158652,-15.6272953055694,-9.72023580615661
"FR26","Bourgogne","FR","High income","old",1998,9.40959285415012,4.089085571994,0.334648268790843,-28.9722181224439,-9.09023950070749
"FR30","Nord - Pas-de-Calais","FR","High income","old",1978,7.8297783413214,3.52674046162234,0.636819926576728,-18.7522698535552,-11.9020045338376
"FR30","Nord - Pas-de-Calais","FR","High income","old",2008,1.79079727560235,3.48085492835282,0.0444166485146081,-13.9551587532583,-9.41960529587981
"FR30","Nord - Pas-de-Calais","FR","High income","old",1988,26.2409924995349,4.4611354599975,0.736538710059196,-15.647004281956,-5.62798858214351
"FR30","Nord - Pas-de-Calais","FR","High income","old",1998,20.4187920089959,4.50071435341782,0.607609344081384,-55.7118684435716,-7.35796415375728
"FR41","Lorraine","FR","High income","old",1998,10.2163873166493,3.81320138426552,0.382247758233029,-28.8022444909159,-6.61641638191796
"FR41","Lorraine","FR","High income","old",1988,17.9893832322695,3.92795978813161,0.479021546706836,-16.2574275846767,-7.98284417977328
"FR41","Lorraine","FR","High income","old",1978,4.53516693383331,2.45464007139925,0.345697616145692,-17.7548200623854,-9.40558848749509
"FR41","Lorraine","FR","High income","old",2008,1.83576426579232,3.30591949715107,0.0620918925323568,-14.6017863752086,-11.5400995610868
"FR42","Alsace","FR","High income","old",2008,1.82807234442699,3.0709978232545,0.029880106419681,-16.5048740654365,-9.8994564788175
"FR42","Alsace","FR","High income","old",1998,17.141544022771,3.818738249735,0.779739762307768,-29.3887083821989,-6.09068404381759
"FR42","Alsace","FR","High income","old",1988,17.8521473108006,4.37535641589821,0.560190352466492,-16.6350413658409,-7.8997883718757
"FR42","Alsace","FR","High income","old",1978,2.55069500952105,3.74697305297388,0.244449533661492,-19.0276387903671,-11.4320502366814
"FR43","Franche-Comté","FR","High income","old",1988,14.576489763961,5.07743685002946,0.534188646885119,-17.309905750378,-8.92705848879944
"FR43","Franche-Comté","FR","High income","old",1978,3.30899434230686,2.65219967175889,0.521480503913735,-17.4585188501363,-13.9378364718659
"FR43","Franche-Comté","FR","High income","old",1998,9.74214062866851,4.74618987563758,0.42216846689781,-24.2298503953818,-7.99735075216514
"FR43","Franche-Comté","FR","High income","old",2008,1.81723117058869,3.64485002188585,0.0197562577399734,-13.9804770387249,-9.57604594794543
"FR51","Pays de la Loire","FR","High income","old",2008,1.79803114297908,3.39774922823113,0.0261207578376926,-18.8849719721627,-8.44052600801115
"FR51","Pays de la Loire","FR","High income","old",1998,19.9415877422018,3.88213786614112,0.757602551241274,-46.6143510410735,-6.53207499451456
"FR51","Pays de la Loire","FR","High income","old",1988,7.10239863191524,3.58286396703042,0.356644760911984,-18.9442517673739,-6.29022702514997
"FR51","Pays de la Loire","FR","High income","old",1978,2.49028775807665,2.32451932037313,0.0852094929585788,-20.7996937509467,-8.89695262734388
"FR52","Bretagne","FR","High income","old",1998,23.4742479285668,3.2197460650907,0.609460765924271,-49.9307254930952,-10.2936552553726
"FR52","Bretagne","FR","High income","old",2008,1.77655277793706,2.80132708329694,0.0144722267277246,-20.7940894565325,-8.46854198997495
"FR52","Bretagne","FR","High income","old",1978,2.17797240209837,2.38380167381704,0.0499074050930324,-22.1157211708884,-7.84758613960878
"FR52","Bretagne","FR","High income","old",1988,13.1353306001451,3.21500327785352,0.618748529970954,-19.7846478406338,-7.19189564351206
"FR53","Poitou-Charentes","FR","High income","old",1978,4.21700067577565,3.29892355141223,0.446458325789614,-23.7022097574232,-8.8410138330989
"FR53","Poitou-Charentes","FR","High income","old",1988,14.2448808374117,4.40169669938729,0.517248725691713,-20.6278328861304,-6.65572701610731
"FR53","Poitou-Charentes","FR","High income","old",2008,1.77072678757261,3.90337818581008,0.0556043985512706,-18.4019765190958,-7.74659765188933
"FR53","Poitou-Charentes","FR","High income","old",1998,16.8140819515181,4.4985749000811,0.664780462335227,-38.422907032442,-6.93314977871359
"FR61","Aquitaine","FR","High income","old",2008,1.83581175899832,3.9679688548764,0.0752179342059043,-21.9678903306849,-6.2752416070236
"FR61","Aquitaine","FR","High income","old",1978,3.84917104324791,3.45243946829183,0.234803273462367,-24.6881161348985,-7.39785248967264
"FR24","Centre","FR","High income","old",2008,1.81038461184773,3.88334611007327,0.0476478210884026,-17.173683943213,-9.67749169551471
"FR24","Centre","FR","High income","old",1998,12.3911989825211,4.30418943918888,0.395016289422648,-40.39247182998,-7.8456472256336
"FR25","Basse-Normandie","FR","High income","old",1978,2.56817733856994,2.50947775711557,0.0952084869433352,-20.6170586557666,-8.46052824152731
"FR62","Midi-Pyrénées","FR","High income","old",2008,1.77670345258757,4.53097510637431,0.086353391185532,-19.7077530563505,-6.589777761311
"FR62","Midi-Pyrénées","FR","High income","old",1978,3.59340466951991,3.43501318843734,0.437488615565153,-20.3247432961361,-7.597368761432
"FR62","Midi-Pyrénées","FR","High income","old",1988,15.061947868991,5.62147820959836,0.699301834456598,-20.5624496288178,-6.52534584523746
"FR63","Limousin","FR","High income","old",1978,6.52031886109128,2.72173043987577,0.296007004179105,-21.1668139737081,-10.2710640955206
"FR63","Limousin","FR","High income","old",2008,1.78614968148232,3.08757875806342,0.0522389064545051,-14.9373805472536,-9.04184762395972
"FR63","Limousin","FR","High income","old",1988,13.2250877447042,3.74362424153472,0.602981172280666,-18.6776276547908,-6.51431972635141
"FR63","Limousin","FR","High income","old",1998,9.22823676035052,3.79158307994696,0.522674612172613,-27.6444252127133,-10.8399719613108
"FR71","Rhône-Alpes","FR","High income","old",2008,1.80333439419327,4.07252572295772,0.0481031522953177,-16.5526049366606,-7.44370359636662
"FR71","Rhône-Alpes","FR","High income","old",1978,3.18252172789537,3.78109505184543,0.300254210967196,-19.8462018683476,-10.7480336924369
"FR71","Rhône-Alpes","FR","High income","old",1998,8.88670741991136,5.03392156050458,0.304378808149493,-27.7225942916227,-8.15272286792169
"FR71","Rhône-Alpes","FR","High income","old",1988,20.233312566842,5.11599089596955,0.461756435774455,-21.4634913385599,-6.30489418347914
"FR72","Auvergne","FR","High income","old",1998,8.8069305472918,4.04407177095316,0.270329690799529,-25.3811553187768,-10.9998020629627
"FR72","Auvergne","FR","High income","old",1988,17.1910467015005,4.36267219243521,0.695410246466216,-18.2761322735637,-5.75137960301896
"FR72","Auvergne","FR","High income","old",1978,5.49306986793795,3.3876449148851,0.529228946329972,-18.3753218665579,-6.6221217428149
"FR72","Auvergne","FR","High income","old",2008,1.78364847354063,3.26554143118614,0.0228039349901011,-13.8546196757987,-8.11040043627762
"FR81","Languedoc-Roussillon","FR","High income","old",2008,1.76412184751402,3.31087100884991,0.0617457675945637,-21.7284149473286,-6.40691823890244
"FR81","Languedoc-Roussillon","FR","High income","old",1998,15.6847734967696,3.55707563427917,0.577219880693932,-36.4163828650616,-7.71752553013409
"FR81","Languedoc-Roussillon","FR","High income","old",1988,7.99813800651391,4.47623861369924,0.582046799047971,-25.2434530292256,-4.34126536555834
"FR81","Languedoc-Roussillon","FR","High income","old",1978,8.46258031986176,3.63140370176556,0.728043554398683,-26.0191666215201,-7.20033695141757
"FR82","Provence-Alpes-Côte d'Azur","FR","High income","old",1988,10.5587289530972,5.23379146717996,0.628160489945198,-27.4033224654377,-5.46016186805684
"FR82","Provence-Alpes-Côte d'Azur","FR","High income","old",1978,16.3765219501507,3.28709117636707,0.822644111139435,-22.1379739491368,-8.20251439476928
"FR82","Provence-Alpes-Côte d'Azur","FR","High income","old",1998,10.8662760402527,3.94645322218482,0.4159469170922,-33.3654216565843,-6.01359365062159
"FR82","Provence-Alpes-Côte d'Azur","FR","High income","old",2008,1.77537850689516,3.75700846561227,0.0748720589377248,-19.88993341298,-7.45110463908304
"FR83","Corse","FR","High income","old",2008,1.75449837432308,2.58713500528668,0.0665644844392748,-46.4503049542794,-7.99356934873979
"FR83","Corse","FR","High income","old",1978,7.15103768712852,2.97783705997239,0.376045456020754,-27.9124873021376,-7.86957571475556
"FR83","Corse","FR","High income","old",1988,8.608593708517,3.28273640770307,0.625667629838422,-33.9517005967441,-12.8711051776908
"FR83","Corse","FR","High income","old",1998,6.79145752887057,3.5113514057912,0.702841083331957,-42.492089180974,-10.730220032438
"FR62","Midi-Pyrénées","FR","High income","old",1998,11.3329911736826,5.69583030789378,0.51572392896217,-27.7596750565493,-12.2925545062837
"FR61","Aquitaine","FR","High income","old",1988,11.4175917333103,5.01356133779136,0.807274934685721,-22.3557938138988,-7.95879498946463
"FR61","Aquitaine","FR","High income","old",1998,16.0505397768799,4.81620531659526,0.582514493807327,-32.9456363574117,-12.0393005183767
"HR","Croatia","HR","High income","new",1988,1.64969441397314,1.15729631423532,0.230205679486932,-20.5118051267872,-9.10033164680436
"HR","Croatia","HR","High income","new",1998,6.28683678081634,7.37342314847683,0.307686215936068,-19.6153153656756,-6.57279107884935
"HR","Croatia","HR","High income","new",2008,7.23315199992528,7.74655125091808,0.43141748552707,-36.5819279823064,-3.68373259103758
"HU21","Közép-Dunántúl","HU","High income","new",2008,7.64369390400591,4.26667467618346,0.450020562478245,-25.072904903776,-3.48204564696469
"HU1","Hungary","HU","High income","new",1998,5.46648242382471,4.53434175810302,0.298915813360207,-17.1412969645069,-4.4516031790114
"HU1","Hungary","HU","High income","new",2008,7.3727932076438,4.17479684356623,0.505390840387243,-23.5698203356842,-3.05397749222627
"HU21","Közép-Dunántúl","HU","High income","new",1998,6.98028655278696,4.23487274361357,0.463232606934656,-17.1591868412529,-4.71273639653543
"HU23","Dél-Dunántúl","HU","High income","new",1998,8.59485212988747,4.81942534813508,0.476131758482316,-18.1140098971206,-5.47532571891779
"HU22","Nyugat-Dunántúl","HU","High income","new",2008,8.30896481316007,4.63169439238443,0.563091447159651,-24.1163129257568,-4.60677006425499
"HU22","Nyugat-Dunántúl","HU","High income","new",1998,8.63569186759884,4.93550652445571,0.58456003918055,-18.0843397732303,-5.86293357375585
"HU23","Dél-Dunántúl","HU","High income","new",2008,9.58227473691631,4.71069243675919,0.363164281268945,-28.1393605681119,-3.244723738689
"HU32","Észak-Alföld","HU","High income","new",1998,5.6799452145502,4.19022552754808,0.296430275907446,-17.1591882651394,-6.7214175221018
"HU33","Dél-Alföld","HU","High income","new",1998,5.98123143633994,4.35323862919993,0.513024138416788,-17.440874468423,-4.04663826592399
"HU33","Dél-Alföld","HU","High income","new",2008,10.553339536095,4.40709235330702,0.421581914562698,-30.2135620943824,-3.28977560908688
"HU31","Észak-Magyarország","HU","High income","new",2008,8.95244823478359,3.88252793066001,0.550039469224765,-23.4229150883908,-3.1989977612262
"HU31","Észak-Magyarország","HU","High income","new",1998,4.95923548170347,4.17375407916646,0.320439555922282,-17.8103633492898,-5.83136901640429
"HU32","Észak-Alföld","HU","High income","new",2008,6.64076386270987,3.74723661568608,0.338975820353805,-26.1953791731488,-3.29323534446668
"IE02","Southern and Eastern","IE","High income","old",1988,8.31748489929723,2.31040058591404,0.0834832398071997,-23.3178580772077,-12.0766931065244
"IE01","Border, Midland and Western","IE","High income","old",2008,2.77690623864047,2.02875691153232,0.063570109415615,-19.2562360797626,-9.86366467092176
"IE01","Border, Midland and Western","IE","High income","old",1988,7.9176071750244,2.18927006930445,0.1644395383077,-27.6861624622648,-13.5242305970478
"IE01","Border, Midland and Western","IE","High income","old",1998,0.765559729156629,2.1426141627681,0.026329978112961,-38.3172990237091,-8.20054765776037
"IE02","Southern and Eastern","IE","High income","old",2008,2.7249197804545,2.0905127344116,0.0752645898905754,-20.4544813195227,-6.7106664893179
"IE02","Southern and Eastern","IE","High income","old",1998,0.75884815398669,2.22691342748987,0.0133700556301203,-42.0038536367187,-8.54926784767534
"ITC1","Piemonte","IT","High income","old",2008,1.17474122556946,2.66509347354532,0.422169314575137,-23.6551856781577,-6.80290123165201
"ITC1","Piemonte","IT","High income","old",1998,8.65771383386993,5.13935787507042,0.556541292196173,-35.7555954487121,-3.42874729513455
"ITC2","Valle d'Aosta/Vallée d'Aoste","IT","High income","old",1998,7.4284548023834,1,0,-11.0466077752626,-4.69588547720711
"ITC2","Valle d'Aosta/Vallée d'Aoste","IT","High income","old",2008,0.913104890750919,1,0,-5.79909662627934,-10.3250704657509
"ITC2","Valle d'Aosta/Vallée d'Aoste","IT","High income","old",1988,1.28995583057386,1,0,-12.376171865873,-5.17815563239285
"ITC3","Liguria","IT","High income","old",2008,1.08569559480865,1.94725438598713,0.282432882020352,-20.5644319661631,-3.90834031822342
"ITC3","Liguria","IT","High income","old",1978,3.86024122780057,1.28963281794788,0.219483079571454,-20.5443116802087,-5.8275298928897
"ITC3","Liguria","IT","High income","old",1988,2.39186160855227,1.50625146477629,0.286931985520833,-28.5597524635105,-4.06826225099628
"ITC3","Liguria","IT","High income","old",1998,3.32244630446567,2.95456996374671,0.321791580838863,-43.6274031727291,-3.68103422718241
"ITC4","Lombardia","IT","High income","old",1978,14.4947328750447,3.412021617777,0.449548661693501,-28.6119453506826,-6.07528661694703
"ITC4","Lombardia","IT","High income","old",2008,0.834633433365801,3.36753283021691,0.122685379397926,-30.0942738537063,-5.22994473334296
"ITC4","Lombardia","IT","High income","old",1998,3.39501422791153,5.53639343909258,0.285344251883801,-43.9014442453928,-4.30291105004652
"ITC1","Piemonte","IT","High income","old",1978,15.8562562038038,3.16641565679099,0.433279727251336,-29.4887714223213,-7.86814335986982
"ITC1","Piemonte","IT","High income","old",1988,4.16707519858128,4.00469265984553,0.139633930146618,-29.8029423452254,-5.53917458076366
"ITC2","Valle d'Aosta/Vallée d'Aoste","IT","High income","old",1978,3.5115636579106,1,0,-7.63731213115753,-10.4983200864849
"ITF1","Abruzzo","IT","High income","old",1988,2.75547820512717,3.55322144259258,0.210191679120982,-22.4712292535074,-6.74236608820675
"ITF1","Abruzzo","IT","High income","old",1998,8.80980765711923,4.59874060523347,0.67525433434456,-31.3189647747001,-6.57374587843633
"ITF2","Molise","IT","High income","old",1998,7.26778218518456,2.84071996701223,0.541546707979615,-35.5130889333991,-5.86852662056954
"ITF2","Molise","IT","High income","old",2008,1.50713451795757,1.93096233208011,0.220845698508857,-42.5131099541337,-9.41582461999666
"ITF2","Molise","IT","High income","old",1988,2.74086951695659,3.47891663824644,0.189227349023484,-25.3425580104529,-6.09417456467548
"ITF2","Molise","IT","High income","old",1978,6.5653526217886,4.22180075203463,0.537539230584716,-25.033261563897,-6.1558408298472
"ITF3","Campania","IT","High income","old",1988,2.42499627849889,3.15283431193779,0.0382324460248511,-32.1094097463731,-6.52288563335405
"ITF3","Campania","IT","High income","old",1998,3.63503309922002,4.0748012071826,0.290959804504576,-30.4199765069216,-7.62695380651824
"ITF3","Campania","IT","High income","old",2008,1.02196516583336,3.06039509439529,0.177900026590385,-48.0324341324108,-5.79728168992692
"ITF3","Campania","IT","High income","old",1978,13.8755332496004,2.83906542800318,0.602161782529963,-24.6794713170264,-7.07945322946907
"ITC4","Lombardia","IT","High income","old",1988,3.47716759913049,4.4525169086453,0.0800053914587544,-30.5785195081912,-6.79826477944254
"ITF1","Abruzzo","IT","High income","old",2008,1.6368679184245,3.31248369554081,0.166219379924189,-44.5698469775073,-10.7091631267771
"ITF1","Abruzzo","IT","High income","old",1978,16.3727645156619,3.47460404697422,0.852654372587308,-24.8481897878419,-10.6542391645759
"ITF4","Puglia","IT","High income","old",2008,1.76528764047662,1.49290086136013,0.162847373435796,-41.306232480403,-5.8648815024645
"ITF5","Basilicata","IT","High income","old",2008,1.70987022633973,1.68723155462368,0.400696481422193,-59.3488803429978,-4.67305225108573
"ITF5","Basilicata","IT","High income","old",1978,6.04583892255464,2.21908508836375,0.650316594104484,-22.2954997816996,-5.20962745249079
"ITF5","Basilicata","IT","High income","old",1998,4.70959290889017,1.75269350845755,0.318620114230791,-31.9527735915511,-5.44554553669134
"ITF5","Basilicata","IT","High income","old",1988,2.30756262771028,1.7483159559746,0.413417965569974,-28.0790058178762,-6.43507878662836
"ITF6","Calabria","IT","High income","old",1988,6.55937838167303,2.98673319904356,0.279174763732958,-37.572272123184,-5.62345736266998
"ITF6","Calabria","IT","High income","old",1998,4.91464862149543,3.81172405401953,0.655451675594626,-40.5744631696197,-6.79030231751562
"ITF6","Calabria","IT","High income","old",2008,1.66321069576367,3.11235233115952,0.304980751411737,-57.0739554331221,-4.69147728323134
"ITF6","Calabria","IT","High income","old",1978,6.17878141099301,3.35858191408226,0.648581011455676,-38.1493582402215,-9.02154132237091
"ITG1","Sicilia","IT","High income","old",2008,1.71859218407952,1.38338956226221,0.129367639687248,-68.6174608033936,-5.01083085095212
"ITG1","Sicilia","IT","High income","old",1988,1.99207890229782,2.39330378340689,0.120777622338735,-35.4952968542847,-5.47974794325135
"ITG1","Sicilia","IT","High income","old",1998,2.41683926545849,1.49776019921675,0.154830426603557,-35.4627154771732,-4.17811022622868
"ITG1","Sicilia","IT","High income","old",1978,5.05867220663104,2.61225471954687,0.137543833930766,-41.3269085393235,-3.49301993844423
"ITG2","Sardegna","IT","High income","old",1978,14.9167575139752,2.96581715738592,0.784796393921184,-24.0773777254512,-8.71872853102072
"ITG2","Sardegna","IT","High income","old",1988,3.5458802598561,2.75746338146359,0.194136359514309,-38.8998645325912,-5.97049191590705
"ITG2","Sardegna","IT","High income","old",2008,1.22618573418556,2.24267678942138,0.213920619490238,-51.5887152537461,-7.90085624962061
"ITG2","Sardegna","IT","High income","old",1998,4.7058736653717,2.97386008197758,0.54133192972485,-39.9335053939634,-6.13362079210517
"ITH3","Veneto","IT","High income","old",1988,2.82478362085326,3.72403160800436,0.111955830172421,-27.6908786271676,-7.42016631071443
"ITH3","Veneto","IT","High income","old",1998,0.681142098355453,1.60430174092799,0.0140121764043776,-31.4647893879032,-6.64191755286696
"ITH3","Veneto","IT","High income","old",2008,0.758600110576054,1.42673332519602,0.355205385397041,-30.3136309039901,-5.71580882050957
"ITH3","Veneto","IT","High income","old",1978,15.7644069960003,2.99749820554777,0.563315384272147,-27.7343647436189,-6.76176613638949
"ITH4","Friuli-Venezia Giulia","IT","High income","old",2008,0.84126874418299,1.26196228158024,0.42064237392056,-29.7597843122826,-13.0211199095889
"ITH4","Friuli-Venezia Giulia","IT","High income","old",1978,6.9749328011851,3.02615636035389,0.614287474094521,-25.5619866392681,-9.59553431932282
"ITH4","Friuli-Venezia Giulia","IT","High income","old",1988,1.91289773985117,2.87095915916165,0.271083536014968,-27.6594961830927,-9.96463995259494
"ITH4","Friuli-Venezia Giulia","IT","High income","old",1998,0.671576167031004,1.3674035644405,0.0278141691796294,-33.8721170116965,-7.98511670341256
"ITI1","Toscana","IT","High income","old",1988,6.56127675228354,3.81955080301114,0.295304015055831,-31.0395839755697,-6.08627124410174
"ITI1","Toscana","IT","High income","old",1978,9.4032805309965,4.31823453977202,0.931230711551044,-21.7885020954079,-6.42972601256223
"ITI1","Toscana","IT","High income","old",1998,0.715866230794599,1.41592821903273,0.0556358637247942,-32.3593822117067,-6.97723834147115
"ITI1","Toscana","IT","High income","old",2008,0.713933510361826,1.52438731730662,0.322011726767138,-36.8066880130492,-5.96689234945792
"ITI2","Umbria","IT","High income","old",1998,0.686715371181926,1.28052081306768,0.00452158640243694,-27.1516470475475,-6.40378481584626
"ITI2","Umbria","IT","High income","old",2008,0.780535301944225,1.39488629248314,0.463976590858964,-30.3785562607366,-5.1350405420264
"ITI2","Umbria","IT","High income","old",1978,8.58613082863156,3.81038422949621,0.330740970929955,-23.0722134407714,-6.54523558213564
"ITI2","Umbria","IT","High income","old",1988,2.8609930072673,3.2948581492848,0.165347564743568,-34.7714896999769,-6.20884193260164
"ITI4","Lazio","IT","High income","old",1988,2.31547446498037,4.89791629752581,0.0820621486854556,-33.2667143634072,-5.4787280027601
"ITI4","Lazio","IT","High income","old",1998,0.663121851639403,1.72043258294321,0.00387884782440628,-36.4460441395117,-4.72142909823935
"ITI4","Lazio","IT","High income","old",2008,0.459327805352107,1.56132872493288,0.0723075705993137,-31.4753013257948,-5.99637374209015
"ITI4","Lazio","IT","High income","old",1978,12.183634389687,3.85805612680805,0.382662619668799,-21.9671056432321,-6.56946929537944
"ITF4","Puglia","IT","High income","old",1988,2.93512988296794,3.75058927170472,0.252600424556381,-34.8042611809487,-7.73685856575955
"ITF4","Puglia","IT","High income","old",1998,4.87402651336717,1.88380261364877,0.226875536337451,-31.8915108574501,-5.04167246366327
"ITF4","Puglia","IT","High income","old",1978,10.9266143128918,3.77069024928161,0.741510298069499,-34.5200001500272,-6.12578210273461
"LU","Luxembourg","LU","High income","old",1978,7.74438930129604,5.22541333650771,0.194485024181869,-15.6614050096339,-8.85850675193058
"LU","Luxembourg","LU","High income","old",1988,7.47196469468739,6.63744583061753,0.299700125768589,-14.8659845311475,-7.35620283720321
"LU","Luxembourg","LU","High income","old",1998,5.18159095157819,7.20834424288938,0.452890265085873,-24.5315894430349,-6.88438096605595
"LU","Luxembourg","LU","High income","old",2008,10.6709995341872,6.32153751303156,0.445318847334729,-12.4889688617351,-8.88201157989974
"LV","Latvia","LV","High income","new",1988,11.8353084510194,5.96773229332889,0.62183803012991,-9.76156846966678,-9.32067682947353
"LV","Latvia","LV","High income","new",1998,11.850802613722,7.49604142900978,0.599321648745162,-13.8189413920631,-8.11004378236587
"LV","Latvia","LV","High income","new",2008,10.2547770304697,5.05457623929617,0.271554709763872,-13.239292646087,-7.81985280449207
"MK","North Macedonia","MK","Upper middle income","not",1988,4.44320442304282,6.06524256140354,0.526154184966489,-18.8834863193798,-6.34625761137587
"MK","North Macedonia","MK","Upper middle income","not",1998,7.86352805875793,6.98624232316552,0.73085341214029,-22.8709577930527,-7.5818319215626
"MK","North Macedonia","MK","Upper middle income","not",2008,9.44575765585459,7.8113222503134,0.521741056409869,-25.4675104633768,-4.39561959542954
"NL11","Groningen","NL","High income","old",1998,5.73020741407656,4.20891796588282,0.56625547461964,-27.3854959106106,-7.05430601138522
"NL11","Groningen","NL","High income","old",2008,12.526621165469,4.46719114166645,0.541764570027595,-12.2854218893366,-20.9844951290202
"NL11","Groningen","NL","High income","old",1988,14.3121207931724,3.94746073062468,0.685375112886984,-13.084007520794,-7.15799472605301
"NL11","Groningen","NL","High income","old",1978,9.43562187099755,4.54786522143725,0.766623145761146,-19.5999094545062,-10.4728220433839
"NL12","Friesland (NL)","NL","High income","old",1978,6.26087323057204,4.30809144646627,0.671512340022874,-16.7832347447805,-13.6905405665504
"NL12","Friesland (NL)","NL","High income","old",2008,11.7210832613018,3.71848058877775,0.168651734043509,-11.5689830002004,-10.3969667180586
"NL12","Friesland (NL)","NL","High income","old",1988,9.31173808524244,3.9906153371059,0.604371742936318,-12.7189708530052,-6.30813524500217
"NL12","Friesland (NL)","NL","High income","old",1998,1.82822799630028,3.79300519294728,0.10916709061636,-29.9035504036866,-7.3731428928466
"NL13","Drenthe","NL","High income","old",1978,5.89767893733856,3.488176570973,0.648140114507118,-18.8214733264307,-10.9440375724803
"NL13","Drenthe","NL","High income","old",1988,14.5683696277878,3.4360239863535,0.712504053221419,-12.7777141407123,-5.66137834032708
"NL13","Drenthe","NL","High income","old",1998,2.75284342227217,3.87651237312897,0.173724044036485,-29.4219375297314,-6.23946498034148
"NL13","Drenthe","NL","High income","old",2008,13.4671821610636,4.29762755344122,0.374878907958791,-12.0189807997499,-39.8563752353415
"NL21","Overijssel","NL","High income","old",2008,8.51351058385296,2.23644593177421,0.0834925474709984,-12.5101414463334,-22.7832909162782
"NL21","Overijssel","NL","High income","old",1998,1.43389598041875,2.85046100906662,0.0335902373779279,-29.8527029177907,-7.02335476632754
"NL21","Overijssel","NL","High income","old",1978,3.62197145179517,2.23549156586121,0.121844636748211,-17.9356616700561,-10.9731006262527
"NL21","Overijssel","NL","High income","old",1988,5.6839492166519,2.18601477319989,0.128376481798158,-12.9637066806238,-5.66069276698979
"NL22","Gelderland","NL","High income","old",1998,1.50249441079527,3.35860798062041,0.0611543847989346,-32.8491953467251,-7.48492877276279
"NL22","Gelderland","NL","High income","old",1988,5.7571723285452,2.65816889321667,0.274073021920358,-13.4451270822878,-5.94407609780309
"NL22","Gelderland","NL","High income","old",2008,9.58552529958703,2.57875954847898,0.0974570093557336,-12.4408829796475,-24.9092430095485
"NL22","Gelderland","NL","High income","old",1978,3.65901113433054,2.58929273105027,0.182072672079633,-16.2128348247117,-9.82225354455011
"NL23","Flevoland","NL","High income","old",1998,7.83160616516046,3.56291230373441,0.660040527483394,-31.5313516957219,-7.06118060634029
"NL23","Flevoland","NL","High income","old",1988,13.5070641132594,3.73311664612366,0.81591237814063,-12.6515877417368,-5.74674910867793
"NL23","Flevoland","NL","High income","old",1978,6.20252772545588,4.52696407887772,0.614424228370284,-15.7404530124631,-10.1611576779534
"NL23","Flevoland","NL","High income","old",2008,15.3160885469779,3.86315065672719,0.51414860746994,-11.6294542266335,-19.0362655410824
"NL31","Utrecht","NL","High income","old",1988,3.56108130031258,2.05083845059102,0.15532975219824,-13.8484135867064,-5.91816653135476
"NL31","Utrecht","NL","High income","old",1978,3.12963223932619,1.90846943425183,0.0965113110381836,-16.3012841886495,-9.11365396932295
"NL31","Utrecht","NL","High income","old",1998,1.30769170677005,2.69520738749427,0.119133699059929,-34.8434084823504,-7.6218814900614
"NL31","Utrecht","NL","High income","old",2008,6.73679389325916,1.41274005847516,0.184592529469752,-12.3155715349028,-16.7019917487361
"NL32","Noord-Holland","NL","High income","old",1988,11.9480077509138,3.44660973500949,0.75622175944822,-13.455918915008,-5.93456305066472
"NL32","Noord-Holland","NL","High income","old",1998,4.5615688275669,3.89815589585635,0.62521113460348,-35.6163574444993,-6.92975628524415
"NL32","Noord-Holland","NL","High income","old",1978,7.12229602456438,3.77601033961073,0.693680297292377,-17.2475720168984,-10.7507326043704
"NL32","Noord-Holland","NL","High income","old",2008,9.59545984824418,4.25766936821301,0.345808188192898,-11.8326212219165,-9.45196387968102
"NL33","Zuid-Holland","NL","High income","old",1988,11.8693141269164,3.54954151480691,0.71575404225554,-14.5003054236617,-6.07218411304839
"NL33","Zuid-Holland","NL","High income","old",1998,4.7001793114956,3.71452096785092,0.531820336952426,-36.121488253751,-7.03985891729901
"NL33","Zuid-Holland","NL","High income","old",2008,8.90378917317977,3.86548157265868,0.340184902124176,-12.5850828513865,-15.2017549203617
"NL33","Zuid-Holland","NL","High income","old",1978,8.01881679618363,3.9687500136447,0.739800763291318,-18.4466388440774,-10.4718896573919
"NL34","Zeeland","NL","High income","old",1998,7.75881138731637,3.76480736159113,0.794986686452812,-44.5272839438378,-7.67307180621683
"NL34","Zeeland","NL","High income","old",1988,12.6101072856188,3.6410927405122,0.74333898806391,-15.4512672881797,-6.53252236717056
"NL34","Zeeland","NL","High income","old",1978,8.79878085395074,4.02976078972635,0.763801524192816,-17.5190788676474,-9.60043894473044
"NL34","Zeeland","NL","High income","old",2008,15.9778246195107,3.81464332731765,0.652170368060794,-13.2375069133563,-13.0305520168309
"NL41","Noord-Brabant","NL","High income","old",1998,1.73425871931017,3.45491653591379,0.0975277291619658,-35.4078655969288,-8.09195420549676
"NL41","Noord-Brabant","NL","High income","old",2008,7.57420253082408,3.24253926166874,0.108916867054497,-12.7117603626381,-16.1411614602615
"NL41","Noord-Brabant","NL","High income","old",1978,3.57773775685397,3.428800369639,0.257464677989025,-16.8025184632378,-10.1182068454855
"NL41","Noord-Brabant","NL","High income","old",1988,5.34588337355173,2.89792915639034,0.416679561341334,-14.484299281621,-6.33069323610647
"NL42","Limburg (NL)","NL","High income","old",1978,4.42062826346547,4.40530345323344,0.454288529174569,-17.1707066709555,-9.01273262361438
"NL42","Limburg (NL)","NL","High income","old",1998,2.44697058056397,4.16330630574894,0.175869987083232,-33.1103610507425,-8.38894334864652
"NL42","Limburg (NL)","NL","High income","old",2008,6.94734818209475,4.40490038915842,0.250670898880744,-12.765938593475,-18.8688444982339
"NL42","Limburg (NL)","NL","High income","old",1988,6.65779205055554,3.72524208580405,0.680886798850019,-14.5477061369453,-8.23992445785422
"NO","Norway","NO","High income","not",1988,1.72010049840455,2.51854033032308,0.0149634755947801,-7.82888552394342,-9.58619967183582
"NO","Norway","NO","High income","not",2008,3.05355707566928,3.40170256494398,0.151686895347006,-4.82818886548733,-8.31205954411677
"NO","Norway","NO","High income","not",1998,11.4190952770825,3.6364899445256,0.368834546633842,-10.9850175453591,-10.9970526401141
"PL11","Lódzkie","PL","High income","new",1998,9.01894046206332,4.19846791042634,0.387356276184759,-18.2253516479367,-5.77771152825318
"PL11","Lódzkie","PL","High income","new",2008,2.97930547981919,3.83039248678179,0.166379856514881,-18.4821431691186,-5.88848228554333
"PL12","Mazowieckie","PL","High income","new",2008,2.54777244456614,3.99328022082856,0.0817540640381862,-18.7020648856626,-6.53567155618666
"PL12","Mazowieckie","PL","High income","new",1998,5.49677883396322,4.38354058413334,0.380540610139703,-16.7787561430747,-7.67595586328338
"PL21","Malopolskie","PL","High income","new",2008,7.79629281368119,2.91578400587004,0.190219350201376,-16.5459642479845,-4.53748279736134
"PL21","Malopolskie","PL","High income","new",1998,12.5059863564055,3.26222669377756,0.374609739752073,-14.6495218188989,-8.06570637473605
"PL22","Slaskie","PL","High income","new",1998,10.3623422812065,4.17344376024252,0.33963724846506,-14.3805960112822,-7.48570631008114
"PL22","Slaskie","PL","High income","new",2008,4.31705556671989,3.51442254541438,0.192597009638508,-15.3428497216876,-6.05551321611786
"PL31","Lubelskie","PL","High income","new",1998,11.4215915751784,3.95230000488882,0.485970052178343,-17.1234444446446,-7.50505840358021
"PL31","Lubelskie","PL","High income","new",2008,5.45093914800118,3.4463012777762,0.25615221168234,-21.0074795958306,-9.5974790867086
"PL32","Podkarpackie","PL","High income","new",1998,15.6611962870529,3.39273267706992,0.658050624985978,-16.7290585890205,-7.24209576649553
"PL32","Podkarpackie","PL","High income","new",2008,10.4095203948596,2.99291967436006,0.18179853648082,-23.7211524023675,-4.86466890270046
"PL33","Swietokrzyskie","PL","High income","new",1998,11.7901776740269,3.76368939082807,0.564826558692673,-16.8942841639281,-6.1299445657287
"PL33","Swietokrzyskie","PL","High income","new",2008,5.53402147652382,3.28039023490216,0.21332213389243,-19.6441195960947,-5.82038545520138
"PL34","Podlaskie","PL","High income","new",2008,2.12536687337686,3.19479640379444,0.0315477888342762,-18.3018224822253,-6.22336253394915
"PL34","Podlaskie","PL","High income","new",1998,6.39273479501681,4.16676781933088,0.263008008818038,-14.8285683074128,-11.4513451960149
"PL41","Wielkopolskie","PL","High income","new",1998,7.79401853031248,5.20888062702508,0.199517439169907,-19.3145754144856,-5.73007877099221
"PL41","Wielkopolskie","PL","High income","new",2008,4.52163452118424,4.45313872396357,0.249297888061929,-15.1161597932006,-6.3183608013588
"PL42","Zachodniopomorskie","PL","High income","new",2008,7.23009657547215,3.52538820139571,0.488891042191595,-13.1610642537994,-8.69832526955195
"PL42","Zachodniopomorskie","PL","High income","new",1998,9.3760143945725,3.91724053203906,0.479295502760377,-17.7318612581702,-6.00661199951366
"PL43","Lubuskie","PL","High income","new",1998,6.13206780439792,4.25015913197969,0.370875231990627,-19.8257991641443,-5.85160539198077
"PL43","Lubuskie","PL","High income","new",2008,5.41363290491232,3.56457215605806,0.365589381075927,-14.7483749605857,-7.54835080833883
"PL51","Dolnoslaskie","PL","High income","new",2008,12.196541226384,3.3412080719397,0.547124837209973,-13.4976548446355,-6.8154177216576
"PL51","Dolnoslaskie","PL","High income","new",1998,10.2453639778843,3.73091198460787,0.400860895881982,-18.1674202769743,-6.6682893213397
"PL52","Opolskie","PL","High income","new",2008,7.0696571881306,3.61032912949387,0.396217964185911,-14.6623844881102,-5.95537885853169
"PL52","Opolskie","PL","High income","new",1998,13.1455756689745,4.15545635907987,0.431513881058609,-16.3886442132217,-9.67551133308147
"PL61","Kujawsko-Pomorskie","PL","High income","new",1998,10.4751328506916,4.65620733425419,0.442674196821617,-18.0315234134086,-6.07271184386467
"PL61","Kujawsko-Pomorskie","PL","High income","new",2008,5.23333923575774,4.21337004323487,0.434317120452807,-16.2335652346265,-5.12610516702967
"PL62","Warminsko-Mazurskie","PL","High income","new",1998,14.7855819168293,3.89595895109363,0.536431533855334,-15.4704964865327,-8.31571547607148
"PL62","Warminsko-Mazurskie","PL","High income","new",2008,4.60877918029583,3.38642976325951,0.305409022588321,-18.2598135806017,-8.15508394462181
"PL63","Pomorskie","PL","High income","new",2008,7.0135243129405,3.68588729579681,0.349665972600304,-14.532764574308,-7.32820941434066
"PL63","Pomorskie","PL","High income","new",1998,14.0879873028369,4.16996772042255,0.580291213756801,-15.7182368420566,-5.8901298114109
"PT11","Norte","PT","High income","old",1998,17.0418286677132,4.57152412007815,0.754897691511492,-42.1547204884508,-3.57336415616933
"PT11","Norte","PT","High income","old",1988,7.29794464924954,2.02571042349222,0.658474980339691,-21.0967880880692,-4.83237163528367
"PT11","Norte","PT","High income","old",2008,36.2902701134221,4.24804514078336,0.371080288154227,-38.0984361156796,-4.79631811536544
"PT15","Algarve","PT","High income","old",2008,11.1111065405219,6.73510831595108,0.387864344343754,-46.3132245807372,-4.85459532118579
"PT15","Algarve","PT","High income","old",1988,2.85936325430942,2.73610496533792,0.596906488157644,-32.5811168168471,-3.11616793019802
"PT15","Algarve","PT","High income","old",1998,6.25063626753988,6.12204386391944,0.519422409759984,-87.2566443537284,-5.13718012259944
"PT16","Centro (PT)","PT","High income","old",1998,22.5899703190836,5.58121481837675,0.588977713966077,-62.386441633949,-4.07799114737771
"PT16","Centro (PT)","PT","High income","old",2008,27.922519234485,5.3956268548656,0.621228336343948,-44.5494700614761,-5.76361651569482
"PT17","Área Metropolitana de Lisboa","PT","High income","old",2008,8.76825051182015,4.55139902144816,0.427849010863535,-51.0774306407107,-4.97030361108196
"PT17","Área Metropolitana de Lisboa","PT","High income","old",1998,14.4373276474549,5.68665566802283,0.553198321346985,-65.7430791255162,-3.78731332733856
"PT18","Alentejo","PT","High income","old",2008,17.5533207778219,7.38293700867021,0.514509961246344,-47.9638117418157,-5.4542462275761
"PT18","Alentejo","PT","High income","old",1998,5.8956817703772,6.16946389598765,0.671051274155304,-69.0831814145689,-4.43470617093114
"RO11","Nord-Vest","RO","Upper middle income","new",1998,8.11500338758518,4.37880195694945,0.322505631495938,-14.7472017476892,-4.7037487915695
"RO11","Nord-Vest","RO","Upper middle income","new",2008,7.28218943247013,3.70218389650547,0.344256130712646,-19.6144907735607,-4.77604292565075
"RO12","Centru","RO","Upper middle income","new",1998,9.83262409135094,4.70390832519305,0.295462193679612,-14.4049387763012,-3.66819282442764
"RO12","Centru","RO","Upper middle income","new",2008,8.17813188161325,3.66990084013096,0.212276501795179,-20.2188303370593,-5.52259607483223
"RO21","Nord-Est","RO","Upper middle income","new",2008,4.9481425759488,3.87920288880615,0.178166534038263,-37.9167826262424,-4.89178564437569
"RO21","Nord-Est","RO","Upper middle income","new",1998,5.00169780535341,3.99829895603454,0.366125308259557,-16.9173317429557,-4.44357834021495
"RO22","Sud-Est","RO","Upper middle income","new",1998,3.45744503151446,4.33266404754191,0.469357761083979,-19.6903885035522,-3.40073628920197
"RO22","Sud-Est","RO","Upper middle income","new",2008,5.93285922071708,4.62971378477512,0.329436468826922,-25.2915106811206,-3.89038425917233
"RO31","Sud - Muntenia","RO","Upper middle income","new",1998,2.74699655818761,4.2922603149413,0.266876648801754,-18.4809548665795,-2.70243409603043
"RO31","Sud - Muntenia","RO","Upper middle income","new",2008,7.153661991889,4.40413301468568,0.330054386577024,-26.2727389992414,-4.05236659296733
"RO32","Bucuresti - Ilfov","RO","Upper middle income","new",2008,7.82436776203132,4.51653084781676,0.379095578842322,-27.1323980220281,-4.12933000454328
"RO32","Bucuresti - Ilfov","RO","Upper middle income","new",1998,2.53349249209657,4.37558117505513,0.27609801234306,-18.3014696269719,-2.6487754454731
"RO41","Sud-Vest Oltenia","RO","Upper middle income","new",1998,2.06913469997075,3.30059508704527,0.0777102681236849,-17.459960997347,-2.88020982678884
"RO41","Sud-Vest Oltenia","RO","Upper middle income","new",2008,5.08258586732854,3.54844713244205,0.344602623813519,-27.6865253617713,-3.16251768963753
"RO42","Vest","RO","Upper middle income","new",2008,10.3124210170392,3.68357513386275,0.387814528978514,-31.5912890225984,-4.04022412675579
"RO42","Vest","RO","Upper middle income","new",1998,6.44335414966785,4.20772542343986,0.204250844213608,-15.5467146184496,-3.60416840922558
"SE11","Stockholm","SE","High income","old",1988,4.08608838685935,2.40028188639031,0.915323678590436,-10.182684022119,-8.27050035423434
"SE11","Stockholm","SE","High income","old",1998,2.25398985466032,2.26699141971024,0.186756934792747,-14.3321141467914,-9.87302647932126
"SE11","Stockholm","SE","High income","old",2008,7.79215244854072,2.57889164886939,0.504030172213633,-8.16633039418115,-6.4155488804003
"SE12","Östra Mellansverige","SE","High income","old",2008,10.070907453059,2.83522589992352,0.585583367486359,-7.54777178595796,-8.44272349246919
"SE12","Östra Mellansverige","SE","High income","old",1998,2.8127100837787,2.56677592460343,0.119553294517099,-13.8125076958604,-8.69790477357101
"SE12","Östra Mellansverige","SE","High income","old",1988,8.24250275535017,2.75702591341713,0.440235955642821,-9.64571824125107,-14.0123711533102
"SE21","Småland med öarna","SE","High income","old",1998,2.9498883782893,2.78651452230833,0.0525801047599369,-15.0977106968351,-13.6840757287541
"SE21","Småland med öarna","SE","High income","old",2008,10.1113913737243,3.00138906396343,0.278052246808758,-9.0485923996718,-8.08524735803206
"SE22","Sydsverige","SE","High income","old",1988,20.8479134962618,4.16469936868733,0.881285485266597,-12.4902620709814,-10.4215051236991
"SE22","Sydsverige","SE","High income","old",1998,3.31660880556148,3.6956737751678,0.0582266188051455,-20.3332045330385,-6.89301498571315
"SE22","Sydsverige","SE","High income","old",2008,8.87904292423723,4.09872812388541,0.476293096941141,-11.4917069674581,-10.9857922876315
"SE23","Västsverige","SE","High income","old",2008,14.4983465927498,2.99039482541406,0.794334969744611,-8.37120290138334,-6.70497375345844
"SE23","Västsverige","SE","High income","old",1998,2.87827706635726,2.78387363601285,0.189273595877581,-17.0271625059264,-7.85169081904621
"SE31","Norra Mellansverige","SE","High income","old",1988,5.04183552204247,1.84315375063223,0.160311541059215,-7.99606049115451,-12.29765242113
"SE31","Norra Mellansverige","SE","High income","old",1998,2.00671040939906,1.76784949835694,0.345361269067865,-12.1830455602746,-5.98473226561862
"SE31","Norra Mellansverige","SE","High income","old",2008,11.3453199913321,2.42096776688262,0.574338176448534,-5.68243954822695,-9.02423769087938
"SE32","Mellersta Norrland","SE","High income","old",2008,6.86801851793323,1.24065325704687,0.0522702693497594,-3.29563318669959,-15.3016558054971
"SE32","Mellersta Norrland","SE","High income","old",1998,2.40279289658216,1.21956193785165,0.0173647323775546,-7.2685932902453,-4.54903554659665
"SE32","Mellersta Norrland","SE","High income","old",1988,4.616981093431,1.33398351021017,0.0815176313069256,-5.35945599400242,-7.71500235847684
"SE33","Övre Norrland","SE","High income","old",2008,5.56678123829291,1.29552964994695,0.0165064884673093,-2.92372075677947,-7.87911880823984
"SE33","Övre Norrland","SE","High income","old",1988,7.62138242267845,1.34911083369959,0.173965864025811,-5.37438249533128,-8.28763932332544
"SE33","Övre Norrland","SE","High income","old",1998,2.3680425347934,1.26915104250847,0.00735724821881212,-4.98052640811266,-4.82115393511068
"SI","Slovenia","SI","High income","new",1988,5.07760789689989,7.84082484627638,0.127508548115091,-18.4592162816685,-10.8006497119587
"SI","Slovenia","SI","High income","new",1998,6.22250970365035,8.96502367434423,0.340416764117016,-18.9819693329601,-8.74320386347248
"SI","Slovenia","SI","High income","new",2008,8.17599429347095,8.46292794479898,0.256022967088353,-28.97420780071,-6.10378309552696
"SK01","Bratislavský kraj","SK","High income","new",1998,7.15315204330895,5.58648706358018,0.546120473339546,-21.3148018079159,-5.6112029420947
"SK01","Bratislavský kraj","SK","High income","new",2008,6.72727967500828,5.80175460543788,0.418026020491533,-21.5756382332735,-5.19143271625274
"SK02","Západné Slovensko","SK","High income","new",1998,8.25816494412133,5.01788325503112,0.502792380801834,-18.0795403124516,-5.91734833499909
"SK02","Západné Slovensko","SK","High income","new",2008,8.03077658172702,5.35994729736332,0.411362118054103,-20.781348129407,-3.95780763003516
"SK03","Stredné Slovensko","SK","High income","new",2008,7.32439953205209,4.86380175812745,0.343379429371678,-20.0711507681811,-4.20818791356891
"SK03","Stredné Slovensko","SK","High income","new",1998,10.0989835048479,5.23534657647047,0.432726993166029,-15.0512740238324,-7.51825403421302
"SK04","Východné Slovensko","SK","High income","new",2008,8.07301806010633,4.86196712483631,0.474096326639856,-21.1317194278981,-4.72273851147894
"SK04","Východné Slovensko","SK","High income","new",1998,9.38398994190229,5.13126227036969,0.562741081373975,-16.1904650071186,-9.0601294466857
"TR","Turkey","TR","Upper middle income","not",1998,5.56352814199499,5.54987725301345,0.655727674350132,-33.6065068228945,-8.4395034686192
"TR","Turkey","TR","Upper middle income","not",2008,2.63179910075219,5.2565205992865,0.266273818268818,-16.7155894460754,-6.47174795115178
"UKC","United Kingdom","UK","High income","old",1998,5.08244192049143,1.91491045345869,0.14257809543791,-30.9068923824347,-7.39334492259582
"UKC","United Kingdom","UK","High income","old",2008,3.2698353542223,1.83817032038801,0.0574855632076825,-13.1987331624048,-6.8988486278047
"UKD","United Kingdom","UK","High income","old",1998,12.3430361608511,1.35417817541766,0.61002674923334,-35.0410958651399,-7.62683799433873
"UKD","United Kingdom","UK","High income","old",2008,3.3405988634816,1.36505582971506,0.100385530460256,-13.8031145914484,-6.57383197065585
"UKE","United Kingdom","UK","High income","old",1998,5.93141693589049,1.85716507721891,0.379194839161587,-35.6717942043291,-8.18904701386262
"UKE","United Kingdom","UK","High income","old",2008,3.08501297659834,1.8700707293051,0.0869860910057968,-13.9829378807174,-5.14005393578641
"UKE","United Kingdom","UK","High income","old",1978,9.02576312203716,1.56472935222331,0.10780096645585,-22.0100896962902,-17.3912639834426
"UKE","United Kingdom","UK","High income","old",1988,13.0825966669498,1.74243860367483,0.380300336103902,-17.23136579906,-8.72617062065821
"UKF","United Kingdom","UK","High income","old",1978,7.13396136336829,1.7460672270645,0.176204589845911,-20.8677518547402,-22.6984456163423
"UKF","United Kingdom","UK","High income","old",1988,10.9381490496118,1.93936373061358,0.470572471122199,-18.5052214358556,-6.17281687492919
"UKF","United Kingdom","UK","High income","old",1998,3.78379653654731,1.96955565234198,0.230716304328019,-35.9193754186428,-8.28142485343192
"UKF","United Kingdom","UK","High income","old",2008,3.07641754604445,1.81722295000501,0.131681517097333,-13.6524106690731,-4.64942109562745
"UKG","United Kingdom","UK","High income","old",2008,3.02157538429239,1.88958268603213,0.118581832528381,-13.191603589692,-4.78699239299039
"UKG","United Kingdom","UK","High income","old",1978,11.5833874267056,1.38325418061481,0.507803191305936,-19.661127088928,-19.2943827227293
"UKG","United Kingdom","UK","High income","old",1988,9.25606875741116,1.63979382786246,0.190674661754949,-18.3264336322579,-8.40512344320145
"UKG","United Kingdom","UK","High income","old",1998,5.22387617534985,1.87007101965286,0.395233068388212,-48.5102373104984,-6.75530583777614
"UKH","United Kingdom","UK","High income","old",1998,5.2435123630336,1.93254027359248,0.268268647991942,-35.8646904273375,-8.18581291527568
"UKH","United Kingdom","UK","High income","old",2008,3.45691110967327,1.88959700333999,0.0495403099069054,-13.4205826828861,-5.05336215101146
"UKJ","United Kingdom","UK","High income","old",1998,3.85130899940303,1.97673468449658,0.124832591301326,-43.2433432473989,-6.32845446698027
"UKJ","United Kingdom","UK","High income","old",2008,3.3190209473415,1.88382190323963,0.0971995867524947,-14.5574022038867,-5.25185403395603
"UKK","United Kingdom","UK","High income","old",1978,13.5759133564448,1.18627762664134,0.233099591861832,-17.825092502701,-13.5825778366863
"UKK","United Kingdom","UK","High income","old",1988,16.5112442213652,1.48648301188244,0.152327713253009,-17.2686301905878,-11.2602863364618
"UKK","United Kingdom","UK","High income","old",1998,7.62654686643641,1.74745669104677,0.523502235088666,-51.2221519801229,-6.99670235809391
"UKK","United Kingdom","UK","High income","old",2008,2.9284538230221,1.77327683484394,0.203116760504276,-15.4920976712167,-5.32227404907696
"UKL","United Kingdom","UK","High income","old",1998,14.2662154768225,1.69801853616903,0.330136822334926,-45.9070288295921,-7.14086131211615
"UKL","United Kingdom","UK","High income","old",2008,2.93987526063179,1.54365409695803,0.168114909230959,-13.9195340951123,-7.50804609675507
"UKL","United Kingdom","UK","High income","old",1978,13.8404319492356,1.42705254680753,0.134689753168943,-18.4310062197923,-17.4330981859889
"UKL","United Kingdom","UK","High income","old",1988,9.95095583208604,1.57902743942553,0.452649056335285,-17.6189900187578,-9.9549578637459
"UKM","United Kingdom","UK","High income","old",1978,13.1682136208295,1.4912103983881,0.376707632171758,-16.5715313862221,-17.137324959919
"UKM","United Kingdom","UK","High income","old",1988,13.2265483814307,1.87127437947881,0.17161039595868,-19.8138070761288,-10.3376505593217
"UKM","United Kingdom","UK","High income","old",1998,14.6611416708665,1.80875962348308,0.727331880894597,-28.3044474365801,-7.93248592868351
"UKM","United Kingdom","UK","High income","old",2008,3.01415699257157,1.35017637184856,0.0675217101431067,-12.3354439064309,-8.95412838083153
"UKN","United Kingdom","UK","High income","old",1978,10.7107380827584,1.68678153905921,0.131508535045461,-19.0504135737464,-12.1553373531402
"UKN","United Kingdom","UK","High income","old",1988,11.4569641576553,1.79574893752906,0.226459970194153,-26.3248281841175,-11.6983359251626
"UKN","United Kingdom","UK","High income","old",1998,5.26080050358077,1.64775225163007,0.31785880071578,-43.3849024236064,-8.09858092947153
"UKN","United Kingdom","UK","High income","old",2008,3.02323709685111,1.10250360422947,0.0690072864264711,-17.5334332892161,-12.5820562588133
