"Region","Country","timePeriod","stability","stabilityOverall","stabilityReduced","yield","yieldOverall","yieldReduced","areaHarvested","areaHarvestedOverall","areaHarvestedReduced","diversity","fertilizer","irrigation","instabilityTemp","instabilityPrec","sdTemp","sdPrec"
"AT32","AUT",1978,23.1834857830705,13.7644483638064,13.7619068810145,11881.7590678772,12456.9677395002,12457.0744266883,2210,11640180,11637970,1.74446141671572,0.097097952196792,0.84,-8.65594290671734,-8.00307279666077,6.67360899134317,4.9750807241669
"AT22","AUT",1978,15.2083644703597,18.7281786201603,18.71748382357,13456.3634234429,14737.5306487811,14740.0955182248,27810,13706530,13678720,1.60850894032522,0.097097952196792,0.84,-16.0679564993605,-9.01782151390332,5.46190994362182,2.52253220215868
"AT31","AUT",1978,10.7642570518271,18.7281786201603,18.7123282602362,16081.7043187739,14737.5306487811,14730.6699754465,68420,13706530,13638110,2.04091657327652,0.097097952196792,0.84,-16.0312043170735,-8.36576955681853,0.537327012107503,3.07681586389292
"AT34","AUT",1978,8.11969532777669,13.7644483638064,13.7636355486127,13732.35,12456.9677395002,12456.9312776503,330,11640180,11639850,1.90791843029463,0.097097952196792,0.84,-9.74233913072767,-10.5629622313778,4.85407205656021,4.34087163456602
"AT33","AUT",1978,32.368811753778,13.7644483638064,13.7601944200154,14960.4179211038,12456.9677395002,12456.3050396808,3130,11640180,11637050,1.9728116648736,0.097097952196792,0.84,-9.71366333590465,-9.0167568891989,7.94204949799856,7.34854555007214
"AT11","AUT",1978,9.39895003173388,18.7281786201603,18.7536237690469,15039.9737349677,14737.5306487811,14736.4215060815,52480,13706530,13654050,1.80528694488355,0.097097952196792,0.84,-17.0772619705854,-7.00211141141018,0.221187888880845,0.417584492605682
"AT12","AUT",1978,11.0748867232616,18.7281786201603,18.7324138874968,16837.1254345524,14737.5306487811,14696.5076908627,265900,13706530,13440630,2.12576050450623,0.097097952196792,0.84,-14.204726263473,-7.13505744251244,0.998181339816273,1.01734418058224
"AT21","AUT",1978,19.8129309073253,13.7644483638064,13.7471466328059,12933.1022739589,12456.9677395002,12456.1857825196,18470,11640180,11621710,1.51427289001824,0.097097952196792,0.84,-14.7825879845798,-8.68855567804934,2.04002973176149,5.87746532801115
"AT11","AUT",1988,14.4787665849167,18.1079137084365,18.003404127944,16033.7020041312,14935.634043589,14931.4701078646,52400,14317720,14265320,3.02523851334022,0.0853992294406802,2.73,-12.7981805373105,-8.63328734080378,0.227811055263726,0.318564495031039
"AT12","AUT",1988,26.8772655699938,18.1079137084365,17.7721584592271,17926.7446838363,14935.634043589,14879.3137300542,266120,14317720,14051600,3.48211562991885,0.0853992294406802,2.73,-9.96220019881591,-9.96971793017141,1.29467766188769,1.41814259712085
"AT33","AUT",1988,22.5156842745533,15.5723933027292,15.5701437311155,15259.5352577374,14000.6410411656,14000.375975258,1840,9474120,9472280,1.97444331469086,0.0853992294406802,2.73,-9.27234214577141,-13.654201750143,7.74058900234578,6.94692479613712
"AT31","AUT",1988,13.8572838200224,18.1079137084365,17.9672939920122,18079.6572208295,14935.634043589,14919.6595457123,72080,14317720,14245640,2.50199035001223,0.0853992294406802,2.73,-12.2745773743049,-12.0109134779599,0.640448392340408,4.37591716332326
"AT21","AUT",1988,13.9741541848312,13.8439554563801,13.8342283845753,13763.0160691897,12457.2043145459,12455.8160889843,13450,13069510,13056060,1.49020499195869,0.0853992294406802,2.73,-11.5151398897028,-13.9685754821735,2.52402774268959,4.27439535381146
"AT34","AUT",1988,6.62212444294175,15.5723933027292,15.5716229777168,15574.1666666667,14000.6410411656,14000.60993084,210,9474120,9473910,1.98898815748423,0.0853992294406802,2.73,-6.51593818805437,-10.1261304113982,4.02988633874085,4.23449995379303
"AT32","AUT",1988,15.2074859606414,15.5723933027292,15.5705655079061,13086.8232223659,14000.6410411656,14000.7871399402,1540,9474120,9472580,1.618499661431,0.0853992294406802,2.73,-7.57593003929601,-14.0599219165848,7.33455782510013,6.04116650183078
"AT22","AUT",1988,12.6802409408791,22.8946661651607,22.8591548840863,14933.4768658422,16849.9759481063,16853.5577905394,23880,12090580,12066700,1.5757344601721,0.0853992294406802,2.73,-10.9165821516084,-15.6970003403083,6.07273950901891,3.90522397138923
"AT33","AUT",1998,10.2113017088566,17.3640319681449,17.3636189991575,14503.3541125541,17568.2510524263,17568.3885542513,1090,24366807,24365717,2.83242049761016,0.0916921325650196,3.497,-12.0113817951124,-7.65730715159894,7.95055049898022,9.74262946747865
"AT21","AUT",1998,13.3403974435887,16.9535443320314,16.9473450940769,13610.2577261265,16427.8117880889,16429.3409594232,14740,26956414,26941674,3.01454152556505,0.0916921325650196,3.497,-13.9859646519991,-9.53771313939459,2.68496099166147,4.51624266425418
"AT31","AUT",1998,15.3959159603221,17.4137919961132,17.3856873527305,19522.8738141799,17405.7715010811,17398.1679162977,115240,32297343,32182103,3.81405583145828,0.0916921325650196,3.497,-19.2362009851173,-7.88931449668331,0.777430146353095,3.79498331421601
"AT11","AUT",1998,9.28912346192164,17.3763718492802,17.3937184990376,14637.863508185,17035.532999765,17041.8045910137,88610,33946931,33858321,4.82043764075533,0.0916921325650196,3.497,-18.6895297840987,-8.13448765023378,0.415655052474377,0.319135717071177
"AT32","AUT",1998,8.6925583246212,17.3640319681449,17.364028707756,13509.0756105006,17568.2510524263,17568.444695812,1100,24366807,24365707,2.39422948594833,0.0916921325650196,3.497,-9.68740956289279,-14.5297209918786,7.26160756479083,5.54519448774845
"AT12","AUT",1998,10.3057878083563,17.3763718492802,17.4672679928902,17546.8520976338,17035.532999765,17029.3116504738,407720,33946931,33539211,4.6012559942074,0.0916921325650196,3.497,-18.219348544129,-6.78426458487434,1.51880664119641,1.338216064591
"AT22","AUT",1998,11.0077274615349,17.5683837788802,17.5572710963696,15901.3822201751,18319.0448529918,18321.0451729017,24400,30007235,29982835,2.96607300063967,0.0916921325650196,3.497,-15.2956015638336,-10.9471950500091,6.43729740522454,3.64634084429561
"AT12","AUT",2008,7.99664901024556,20.1344666907762,20.215465280286,19549.8298183007,17578.7425609538,17543.0215151636,388399,21855716,21467317,4.87356342746578,0.0717711103723404,4.15555555555556,-14.7247569062423,-6.28478460050169,1.57650487054434,1.27082255193239
"AT22","AUT",2008,10.359627782406,19.9946819399966,19.9865121606915,18105.3806939365,17740.8468756324,17740.5010808362,21027,21370979,21349952,3.59824881381257,0.0717711103723404,4.15555555555556,-17.3168028074059,-7.74957654495875,6.48133321518198,3.05010692287181
"AT21","AUT",2008,16.4800128012229,18.2350514561118,18.2285888030968,15500.7053017572,16492.9374869705,16493.5590266067,12724,20517754,20505030,3.44257555036951,0.0717711103723404,4.15555555555556,-16.5878999392747,-7.94196018645853,2.59082766867591,5.25866066595114
"AT11","AUT",2008,10.6134639474852,20.1344666907762,20.1266227431577,14925.1501108163,17578.7425609538,17589.8296814778,90548,21855716,21765168,4.74811687147999,0.0717711103723404,4.15555555555556,-19.0416072787934,-6.2740898455625,0.336514841812572,0.400379331194799
"AT32","AUT",2008,7.24713645526138,20.4777576037803,20.478411091111,15612.9000496502,18034.7047234931,18034.8496301134,891,15374726,15373835,2.47807125961017,0.0717711103723404,4.15555555555556,-9.4706508706112,-10.8204142690936,6.6846422414285,4.45438172030872
"AT31","AUT",2008,14.0046994749344,19.9946819399966,19.9275145199387,21526.4329510556,17740.8468756324,17718.4507164731,125365,21370979,21245614,4.05155145332871,0.0717711103723404,4.15555555555556,-15.4494953807343,-7.7837153095745,0.701189179528006,3.54020599762974
"AT33","AUT",2008,16.5631789502472,20.4777576037803,20.4772755834247,16903.4313413877,18034.7047234931,18034.7633187565,764,15374726,15373962,2.69348189711872,0.0717711103723404,4.15555555555556,-11.9002837760543,-10.7405838010618,8.1210375362236,7.88725332045014
"BE32","BEL",2008,3.3957089601531,20.8940463238144,21.2297728983873,35059.518419806,19452.2898856099,19374.000908766,47328,9402294,9354966,3.21869877417671,0.19472926966754,1.57666666666667,-15.3082064948611,-10.1845274291209,0.376330510893035,0.178075613565747
"BE24","BEL",2008,10.2914649407958,25.6634093094572,25.7172588812892,38577.1843692961,21616.7639134044,21573.8846106645,15722,6240403,6224681,2.99179738194851,0.19472926966754,1.57666666666667,-15.8864960748807,-7.08551030110013,0.0938929470257146,0.936443536421872
"BE33","BEL",2008,10.6675918460944,20.8940463238144,20.8850859402852,41148.7910644564,19452.2898856099,19406.6938772197,19702,9402294,9382592,3.54969825587672,0.19472926966754,1.57666666666667,-14.3840777695919,-9.3588477553805,0.864817201062896,0.921488245921044
"BE23","BEL",2008,12.2669007318798,25.6634093094572,25.690424398834,34035.1838296219,21616.7639134044,21584.6799830357,16261,6240403,6224142,2.37968212042442,0.19472926966754,1.57666666666667,-15.4573302264628,-11.2609898687037,0.0375555775490736,0.261777952949898
"BE21","BEL",2008,5.17457253304478,24.7143765523107,25.192073874292,30497.8940317479,27358.7859487614,27338.9665065676,3855,581331,577476,1,0.19472926966754,1.57666666666667,-15.7514384262398,-12.1984003029357,0.0410499874300526,0.0334446601784633
"BE34","BEL",2008,9.09057068604151,25.3005076187803,25.3160407398862,18892.5174437393,16251.914653158,16250.6746335455,2453,4805847,4803394,1,0.19472926966754,1.57666666666667,-13.0770951672899,-9.41428988917759,0.425208399857818,1.16950486769294
"BE35","BEL",2008,11.1442259124599,20.8940463238144,20.839473734597,33299.119191662,19452.2898856099,19408.7557346632,29612,9402294,9372682,3.72251902344076,0.19472926966754,1.57666666666667,-14.1375535726994,-7.90522213744954,0.692596078031555,0.704559969500781
"BE25","BEL",2008,5.42283921229513,25.6634093094572,25.6178303286342,32807.394263814,21616.7639134044,21558.5463403337,32967,6240403,6207436,2.29802518569967,0.19472926966754,1.57666666666667,-15.5133467000314,-10.5241907126946,0.00543326540830966,0.26656310262011
"BE22","BEL",2008,8.36774655586736,25.6634093094572,25.7547987283905,42147.7759537992,21616.7639134044,21585.3963909135,9540,6240403,6230863,2.87846404859124,0.19472926966754,1.57666666666667,-15.0401644125919,-10.3227946305948,0.0647503318124625,0.596859657044338
"CZ08","CZE",1998,11.0298119986358,17.1787550338464,17.1947592835115,15497.5971503323,18526.1853293986,18536.3639416212,91294,27671031,27579737,3.34715263529019,0.0694946109597336,0.966,-16.0540639242605,-9.00135547403432,0.39326714351702,0.846704922737156
"CZ02","CZE",1998,9.5642263387784,17.0470604256596,17.1442214110872,15380.4564331574,17525.4181415867,17551.5605014222,356997,29961139,29604142,3.45214776393917,0.0694946109597336,0.966,-18.5845616400418,-5.57136304857247,0.59916209055265,0.415021475584315
"CZ03","CZE",1998,8.23052317641991,15.5647084157489,15.6534709929357,13689.0647912667,17188.3441694494,17231.9556799344,319209,26028500,25709291,2.83414711936106,0.0694946109597336,0.966,-18.2264191915923,-4.96858053711292,0.504056836118217,1.92261907069186
"CZ07","CZE",1998,12.2444726094075,16.9739175946305,17.0011490924668,16969.4872520661,17427.4756996967,17430.5525970861,198716,30260638,30061922,3.51130420385542,0.0694946109597336,0.966,-15.9271744184498,-6.84339868723037,0.774461814030507,0.696392807557453
"CZ04","CZE",1998,8.25849432505294,17.0470604256596,17.0859652394957,14149.8733063193,17525.4181415867,17541.1652047162,138634,29961139,29822505,3.21698178277176,0.0694946109597336,0.966,-18.8773406594106,-6.00699573543863,0.876282327434855,2.06807418067967
"CZ05","CZE",1998,10.8528648238432,17.0470604256596,17.097827261568,15815.398634532,17525.4181415867,17539.5799699278,245956,29961139,29715183,3.41448112935455,0.0694946109597336,0.966,-15.9545048230616,-8.03430347621544,2.98450538201992,1.97578899657338
"CZ06","CZE",1998,8.41166672625373,17.0470604256596,17.1804132322838,14308.7460565408,17525.4181415867,17569.2869398012,402664,29961139,29558475,3.33880758182833,0.0694946109597336,0.966,-16.2976389942366,-7.24303592778287,0.726361399818165,0.384483047260794
"CZ02","CZE",2008,12.419879821785,17.884346961472,17.8877725317032,19355.9930436673,17359.6204530619,17327.8405040164,373309,23728228,23354919,4.1068532684128,0.107175385253265,0.862222222222222,-12.2908075315565,-7.35593191103519,0.517178099018152,0.314040034610379
"CZ04","CZE",2008,11.6015796072511,17.884346961472,17.8994692927257,18687.0863786879,17359.6204530619,17351.4896841996,145961,23728228,23582267,3.6553957633208,0.107175385253265,0.862222222222222,-10.8969754918067,-9.20750854674611,0.81068971376882,1.57631857026441
"CZ03","CZE",2008,12.4582641876497,16.868334188188,16.8544938904738,16863.3460263577,16307.5188821763,16300.3216007738,299525,22669923,22370398,3.35874554907745,0.107175385253265,0.862222222222222,-11.4346428742654,-8.98165043964638,0.490332832975946,0.84356609447971
"CZ06","CZE",2008,9.31085590660733,17.884346961472,17.9180375720234,17832.9518948431,17359.6204530619,17350.9759977853,427855,23728228,23300373,4.36801411937573,0.107175385253265,0.862222222222222,-13.1680276135864,-6.43373730591144,0.751323250283425,0.37223263870721
"CZ05","CZE",2008,13.4277920296009,17.884346961472,17.8645096048319,19654.7974218833,17359.6204530619,17334.3971806746,259089,23728228,23469139,4.21536293977696,0.107175385253265,0.862222222222222,-11.6897992275646,-7.07964402548623,3.01327387217594,1.47640637385185
"CZ07","CZE",2008,12.6847264637337,17.884346961472,17.8623156830048,20523.695067708,17359.6204530619,17331.9404291254,206284,23728228,23521944,4.36857775512483,0.107175385253265,0.862222222222222,-13.0044551192662,-5.93753548655864,0.998204332001877,0.686967561768486
"CZ08","CZE",2008,13.3255406675624,17.884346961472,17.8743380605469,19281.5430075693,17359.6204530619,17352.1365614077,92284,23728228,23635944,4.35014972040745,0.107175385253265,0.862222222222222,-12.751559423176,-5.24524850664025,0.50642055576404,0.668873374014654
"DE1","DEU",1978,17.9699272976459,18.7281786201603,18.6287764132969,16274.5118469318,14737.5306487811,14707.1562490522,267780,13706530,13438750,2.37109659130852,0.176998877665544,2.533,-17.7851489509037,-11.045606451768,1.29948227828351,3.89148315713506
"DEF","DEU",1978,13.6924745170738,18.7281786201603,18.4273788042721,17697.7500971354,14737.5306487811,14682.1587897307,249890,13706530,13456640,2.60080823664221,0.176998877665544,2.533,-12.8435624983618,-14.8107619625194,0.114533372760545,0.657652316418088
"DE9","DEU",1978,17.7220441587261,18.7281786201603,18.0790729101458,19154.2293098688,14737.5306487811,14491.0313635471,726810,13706530,12979720,2.59928764789725,0.176998877665544,2.533,-13.6612591800358,-10.1153400509094,0.271113570217934,1.03852217936397
"DEB","DEU",1978,15.1333364720661,18.7281786201603,18.6371788299226,17061.2109570025,14737.5306487811,14706.140832059,182920,13706530,13523610,2.24428936694946,0.176998877665544,2.533,-16.8593670130201,-8.76852858138601,0.696520914009336,1.59699580506053
"DE2","DEU",1978,14.8112938419831,18.7281786201603,18.3785579372004,17476.1984341466,14737.5306487811,14580.4030282043,743070,13706530,12963460,2.47225394896582,0.176998877665544,2.533,-15.2586080553364,-10.3810762241652,0.624085196338632,3.32329294139236
"DEA","DEU",1978,22.9450267553207,18.7281786201603,18.2278108422784,19813.3168743062,14737.5306487811,14556.5621296241,472770,13706530,13233760,2.13758524204347,0.176998877665544,2.533,-15.7271332046564,-9.84909252027443,0.553919760372632,1.28443712078314
"DE7","DEU",1978,19.9492455951353,18.7281786201603,18.6029871845082,17906.9324371592,14737.5306487811,14693.3777530107,188790,13706530,13517740,2.28066014851894,0.176998877665544,2.533,-15.2896743566564,-6.89558388746403,0.750763228136852,1.53536426184015
"DEC","DEU",1978,9.91440212917731,13.8207708709607,13.8191175793022,13467.0122493245,12512.6187789385,12511.4782042908,13430,12308950,12295520,1.56811676688871,0.176998877665544,2.533,-18.1680846869356,-7.13919321605888,0.17247046382911,0.194768105471385
"DE2","DEU",1988,35.7956215110488,22.8946661651607,21.7768921419904,20156.5510639597,16849.9759481063,16633.2051229867,746270,12090580,11344310,2.79101543009454,0.153665168855457,2.765,-11.6929911450694,-8.9245567439449,0.594813783749811,3.28845004054908
"DE9","DEU",1988,27.3305996075629,22.8946661651607,21.362524664694,22052.0386788246,16849.9759481063,16544.1634192988,668840,12090580,11421740,3.38740095058011,0.153665168855457,2.765,-10.9855142169197,-6.40184175291971,0.247008540579092,0.982497119407993
"DE7","DEU",1988,40.0285560479695,22.8946661651607,22.4506700523865,19619.7245959911,16849.9759481063,16803.9781621617,197330,12090580,11893250,2.73204819819483,0.153665168855457,2.765,-12.5517340016655,-7.71127523332793,0.827469058721796,1.1012441473677
"DEA","DEU",1988,24.2904590270021,22.8946661651607,22.2734711978715,23387.4504169395,16849.9759481063,16638.7772391909,379790,12090580,11710790,2.86824449309692,0.153665168855457,2.765,-13.0614510499099,-7.09305942295774,0.627333208921044,1.00154426573165
"DEC","DEU",1988,14.3462856270852,17.3623483674337,17.3586764211397,15041.4662402318,14076.4909747038,14075.4691648696,11640,10842370,10830730,1.88680912661482,0.153665168855457,2.765,-15.687320630238,-7.57331488782216,0.156863741099417,0.121022997473629
"DEB","DEU",1988,29.5122176471959,22.8946661651607,22.6900548734924,18733.9060364738,16849.9759481063,16820.8603368397,184270,12090580,11906310,2.528817458818,0.153665168855457,2.765,-14.2002318747593,-7.3519280946701,0.562787384307262,1.49012080499822
"DE1","DEU",1988,20.3584364902173,22.8946661651607,22.9057101990432,18754.3312278898,16849.9759481063,16804.3966254681,283600,12090580,11806980,2.40434247812128,0.153665168855457,2.765,-13.6968864662943,-7.00017132293373,1.38066785343949,3.41835898066968
"DEF","DEU",1988,13.9298265291761,22.8946661651607,22.5352975686699,20791.0706654932,16849.9759481063,16783.1135369508,201730,12090580,11888850,2.74188597145433,0.153665168855457,2.765,-11.6636041971219,-5.91814250247682,0.0583027391336761,0.953245396448115
"DE4","DEU",1998,6.44968487807014,17.4892728647084,17.7700653508712,17572.9660167083,17497.146018876,17496.7308488233,369000,31997844,31628844,4.08857797103717,0.150491037434575,2.948,-21.5611316255281,-5.11652464334771,0.111097561887303,0.16973922727917
"DEC","DEU",1998,11.6096606682905,16.1759594295712,16.177986603334,18447.2215357354,17179.2904851792,17178.4555568272,18610,28065205,28046595,2.95111961357115,0.150491037434575,2.948,-28.5093040499168,-6.7317535289096,0.168262127350685,0.152581555752845
"DE9","DEU",1998,15.0101418994688,17.6434101912066,17.4003390772055,25331.6177837228,18426.7879730747,18178.682018127,1031170,29707736,28676566,4.2405229206706,0.150491037434575,2.948,-26.6062489690119,-5.78417591905838,0.276844699070238,1.31122455760242
"DED","DEU",1998,8.3121938351134,17.4892728647084,17.7052322902642,20449.8419014517,17497.146018876,17455.0176026882,453240,31997844,31544604,3.62252309202433,0.150491037434575,2.948,-20.413623773293,-6.36279678205392,1.09343889036412,0.896552479158679
"DEE","DEU",1998,12.0723280481997,17.5871528015267,17.6453354088593,23021.4764214017,17972.1565002404,17867.0579110932,643080,31357324,30714244,3.62698854956891,0.150491037434575,2.948,-25.1370988957889,-4.91939270049803,0.177502202048328,0.895256044980829
"DEA","DEU",1998,16.6842412481768,17.6434101912066,17.413096989768,26369.811588766,18426.7879730747,18259.0590345642,615170,29707736,29092566,3.80641286009742,0.150491037434575,2.948,-29.7363365908075,-7.66442452295808,0.599730473767154,1.55106966805257
"DEG","DEU",1998,12.6435880767477,17.4383651756558,17.4260338760063,21115.9190506614,17119.1896607665,17064.2439352391,457760,33647432,33189672,3.33287104376373,0.150491037434575,2.948,-24.6031594355557,-5.93994701222404,0.522265162492078,2.35033647325925
"DE2","DEU",1998,11.9958440996759,17.4383651756558,17.5075671596459,21654.9955066085,17119.1896607665,16950.7488744787,1206000,33647432,32441432,3.80625777713658,0.150491037434575,2.948,-21.718094839465,-6.51338642639686,0.700928774583582,3.56157392270181
"DE8","DEU",1998,12.7776357708726,17.6434101912066,17.6924131088263,22328.5711756134,18426.7879730747,18330.1073285246,724490,29707736,28983246,3.49876330426577,0.150491037434575,2.948,-22.9242254963068,-6.33013991536754,0.0477392300081655,0.245408957641016
"DEF","DEU",1998,14.8056037287047,17.6434101912066,17.4435326065586,26135.3885122053,18426.7879730747,18323.8142485599,392270,29707736,29315466,3.2564955168949,0.150491037434575,2.948,-24.0405200883985,-6.1979182456577,0.0457902016462286,1.07915145956921
"DEB","DEU",1998,14.7849678212943,17.5871528015267,17.5775460917809,21199.6671757354,17972.1565002404,17944.8326658702,263820,31357324,31093504,3.81203191933143,0.150491037434575,2.948,-29.2532800432946,-6.75243188082703,0.633614215768822,1.70281591255744
"DE7","DEU",1998,17.3722868467139,17.5871528015267,17.5370535283433,22822.6223678273,17972.1565002404,17919.9448559124,334030,31357324,31023294,3.52880144245964,0.150491037434575,2.948,-31.0226911127846,-6.65174902517531,0.84406141877955,1.52688955686515
"DE9","DEU",2008,23.3626108638531,21.2996366780517,20.925022468279,28336.2013374626,18882.8278735127,18398.8594450045,944664,19389842,18445178,4.21912657359659,0.137352081484369,3.96,-12.4087169463576,-11.8817814044502,0.232438996498957,0.854556112830412
"DE7","DEU",2008,16.8715724649704,21.2996366780517,21.2762504891166,24334.8422015221,18882.8278735127,18787.6510028799,332513,19389842,19057329,3.34677521277121,0.137352081484369,3.96,-13.1157712223189,-11.3525384373346,0.837150394933543,0.891631935623126
"DE4","DEU",2008,8.20711771042653,20.1009512595933,20.3427319018001,19514.835637807,17842.2898332185,17810.4394179005,404714,21165899,20761185,3.82879814365665,0.137352081484369,3.96,-12.2342134281287,-8.71020665056177,0.113468872129897,0.166691321375782
"DED","DEU",2008,12.5834165179217,20.1009512595933,20.1434348790796,22955.3427083563,17842.2898332185,17726.8574662462,467649,21165899,20698250,3.50799108087126,0.137352081484369,3.96,-11.0465066514842,-8.72474069519095,0.937779217008591,0.802013288018639
"DEE","DEU",2008,14.8042236491523,21.0227494189439,20.7227702072156,27213.964985567,18099.1067625792,17841.1036838899,509589,18488745,17979156,2.68668072352322,0.137352081484369,3.96,-11.5535059648001,-7.60945812300991,0.151682865507078,0.5576239247171
"DEC","DEU",2008,15.6120729846139,20.4777576037803,20.4623995928679,20335.6017713095,18034.7047234931,18032.5661365047,14264,15374726,15360462,1.96506813815158,0.137352081484369,3.96,-15.1673375705954,-8.48030780631422,0.208122482609859,0.192441119974362
"DEB","DEU",2008,15.9028622822987,21.2996366780517,21.2018285965282,23175.5103829531,18882.8278735127,18823.6022559688,264375,19389842,19125467,3.70058691662608,0.137352081484369,3.96,-14.0705453910289,-10.3379178396552,0.640394791315828,0.944533413036851
"DE8","DEU",2008,9.08833975654551,21.2996366780517,21.5650223484698,23758.5790929457,18882.8278735127,18689.1689463724,741631,19389842,18648211,3.333241227335,0.137352081484369,3.96,-12.5447273120498,-7.94268167294005,0.0395504251822244,0.112764547506927
"DE1","DEU",2008,16.3361548763358,21.2996366780517,21.2740054522468,23413.878091125,18882.8278735127,18769.363875523,473599,19389842,18916243,3.14440644785808,0.137352081484369,3.96,-14.4404497737161,-11.2257886184606,1.27940478529542,3.03915489683556
"DEF","DEU",2008,10.6961639516474,25.6634093094572,25.5461769038029,29201.165441357,21616.7639134044,21521.5055236964,77392,6240403,6163011,1.79000089070266,0.137352081484369,3.96,-11.5767683329132,-11.7317121404473,0.0511112376236962,0.818312987116023
"DEA","DEU",2008,21.6650574935748,21.2996366780517,21.0059767769008,28752.2296089989,18882.8278735127,18574.3460849161,587199,19389842,18802643,3.75496072880382,0.137352081484369,3.96,-13.8416897868119,-16.9054233587486,0.546016675216708,0.994466234090722
"DE2","DEU",2008,20.2912547593274,21.2996366780517,21.0678430205199,24131.3334502465,18882.8278735127,18559.9801781585,1126604,19389842,18263238,3.49583172600931,0.137352081484369,3.96,-13.122215317704,-12.3050531167158,0.585794154569568,3.08831729043115
"DEG","DEU",2008,14.3021641684346,20.240735363079,20.1953299083513,22967.05143083,17676.4788209333,17560.5469189922,464770,21650636,21185866,3.24565463929157,0.137352081484369,3.96,-10.9418409435062,-8.68930477915759,0.493148174041393,1.41702720476631
"ES11","ESP",1978,7.90152020656525,13.7644483638064,13.7380614198414,9538.87799252028,12456.9677395002,12483.3887339629,104110,11640180,11536070,1.09910302090168,0.0448920742483864,10.106,-34.183777555181,-9.03026990088656,2.12790432590689,4.01984486838055
"ES42","ESP",1978,5.56832181987519,19.2344139184683,20.4788989495108,5440.46373672789,13823.3446291415,14561.9303077641,1159720,14333880,13174160,2.02546792613361,0.0448920742483864,10.106,-33.6116442895283,-6.69438811975363,2.00111044011949,0.563065486148895
"ES21","ESP",1978,11.5166761476632,18.8975118587038,18.8705814024079,12354.9907200525,14803.2286330636,14810.5632084659,38710,13037760,12999050,2.36289871300741,0.0448920742483864,10.106,-29.9358696839737,-6.94767750038094,1.89924830614976,3.05269826394692
"ES43","ESP",1978,4.99664924356616,19.2344139184683,19.3493448387002,4631.64509717303,13823.3446291415,13944.6434306631,188220,14333880,14145660,2.21779899805035,0.0448920742483864,10.106,-42.9621842852621,-4.9708035767709,1.43621914316026,1.48762701728846
"ES22","ESP",1978,6.27576444683157,18.8977986391382,18.9466148827929,9859.63335474941,14808.1165151683,14858.9193426314,131020,13039360,12908340,1.30775679351165,0.0448920742483864,10.106,-27.1255384773837,-7.59439082757836,2.90397073854679,7.23992892427775
"ES51","ESP",1978,5.02249681587821,14.5229853849726,14.8971629483266,8911.9177033188,11690.7540380597,11745.4014823161,254730,13183840,12929110,1.87119814597273,0.0448920742483864,10.106,-32.1785487028762,-5.28559742183144,4.61082722007518,1.36761768039652
"ES23","ESP",1978,5.04663373164057,18.8975118587038,18.9195021460074,12387.4139945829,14803.2286330636,14815.1345206997,63330,13037760,12974430,1.89940219569148,0.0448920742483864,10.106,-22.1911008943606,-6.26903644437299,5.4457872529755,0.834694955963446
"ES52","ESP",1978,14.0365815220036,14.5229853849726,14.5169220430849,10465.3414637541,11690.7540380597,11695.820474813,54390,13183840,13129450,3.69980569840549,0.0448920742483864,10.106,-46.2442000203359,-6.40611429681775,4.56419556428336,1.60347100056206
"ES24","ESP",1978,4.53822862800121,19.6372439855284,20.4235547616051,6836.72479897171,13860.7922269658,14181.2214557512,635500,14581420,13945920,1.32488798820683,0.0448920742483864,10.106,-30.5737749464933,-7.43551840773716,7.35555027153372,1.87198618266526
"ES53","ESP",1978,5.74055678018407,13.7644483638064,13.7663631383208,4643.58269404011,12456.9677395002,12477.2976071927,30220,11640180,11609960,1.57999086495397,0.0448920742483864,10.106,-33.6129742402694,-6.0232993051864,0,0
"ES30","ESP",1978,4.72508704601734,19.2344139184683,19.3159436734117,6841.6748370389,13823.3446291415,13848.7752978417,51990,14333880,14281890,1.67133880337243,0.0448920742483864,10.106,-33.6616466202617,-5.1338612074991,1.51178279700107,0.625589466952912
"ES12","ESP",1978,6.98065464304639,18.4024311037293,18.400879115373,11756.9554842351,17377.4409056563,17418.8804803776,8890,1211770,1202880,1,0.0448920742483864,10.106,-28.2872754977579,-8.1709762190552,1.23673134414313,1.20165708066591
"ES41","ESP",1978,4.84538820496929,19.2344139184683,19.4388031798923,8540.14258056421,13823.3446291415,14492.2867107029,1614890,14333880,12718990,1.84257136269804,0.0448920742483864,10.106,-28.8350928143989,-6.32635333583472,2.42635606335168,1.59700441323525
"ES13","ESP",1978,13.1206956136195,13.7644483638064,13.7632415716815,8532.3106707524,12456.9677395002,12458.3641639629,4130,11640180,11636050,1.53736770730163,0.0448920742483864,10.106,-24.2853345187576,-6.55031450472078,2.65764218155315,3.34206433916564
"ES62","ESP",1978,2.89952219603463,14.5229853849726,14.4736023866762,3764.79857347347,11690.7540380597,11743.6817499788,87620,13183840,13096220,1.30551497627303,0.0448920742483864,10.106,-48.7702739629481,-4.94443910329951,2.7615585346186,0.382818154472024
"ES70","ESP",1978,7.61421484126918,13.7707802770865,13.7527862625755,10581.2223641656,12462.7725746402,12465.1656197254,14270,11641780,11627510,1.68780383427245,0.0448920742483864,10.106,-42.5604538965773,-5.6404147500283,5.54976898049785,0.172718748670256
"ES61","ESP",1978,5.79516776491427,19.6372439855284,20.303483717368,6634.41930876174,13860.7922269658,14303.305951781,842100,14581420,13739320,3.21662854224715,0.0448920742483864,10.106,-48.802628372995,-5.09659844841705,3.52184778231691,0.489262494811624
"ES42","ESP",1988,3.34562634695702,18.1079137084365,22.7036120824003,5544.20193449792,14935.634043589,15953.6494785554,1391820,14317720,12925900,1.91736124579666,0.0516567567979128,11.501,-22.7216698551822,-4.88421355588022,2.2570081462753,0.51584759022822
"ES43","ESP",1988,3.16360836830938,17.2720547291258,17.900512302021,4304.75030301543,14971.6159081738,15152.4986554288,214670,12949470,12734800,2.4110502220183,0.0516567567979128,11.501,-24.7240208314085,-3.81747790962152,1.47153115434994,1.46478487031915
"ES51","ESP",1988,6.89851649613188,14.1177317324793,13.9490288533344,10333.6800814814,12548.7616728762,12596.4115394541,286870,13368680,13081810,1.95663896683766,0.0516567567979128,11.501,-23.5214674340728,-7.51612246914525,4.58285685064752,1.93624366944031
"ES23","ESP",1988,10.9913302413677,17.2720547291258,17.2387141633797,15599.7223962873,14971.6159081738,14969.8779154054,44170,12949470,12905300,2.13359475628745,0.0516567567979128,11.501,-18.0564562391646,-6.22315790290599,5.47851663176167,0.52542984480259
"ES52","ESP",1988,16.1575716427517,13.1762982399658,13.1428280894771,11421.4769305041,12312.1821680988,12316.0923857591,51380,12000430,11949050,3.58710465102802,0.0516567567979128,11.501,-32.0654751525539,-4.79568242726729,4.705629703685,1.57077354653063
"ES22","ESP",1988,6.09574179324906,14.1177317324793,14.1106680506708,9062.44900990316,12548.7616728762,12583.8958095715,131380,13368680,13237300,1.66827929869078,0.0516567567979128,11.501,-23.0257220531649,-6.90225449119972,2.91240569424465,6.02716286799252
"ES11","ESP",1988,9.26561659973332,15.5723933027292,15.5107325740151,9856.64966804391,14000.6410411656,14036.2640755258,82920,9474120,9391200,1.1109863146629,0.0516567567979128,11.501,-19.8413656939012,-9.01623942319538,2.04628343618258,3.542515440036
"ES30","ESP",1988,3.51749666201062,12.8670813688798,12.9721960198815,6268.57741420849,12203.6107393156,12237.730273379,64890,11701260,11636370,1.51913265137118,0.0516567567979128,11.501,-23.174865921841,-4.04796775492422,1.58816952673911,0.829452983898118
"ES12","ESP",1988,3.69625931611134,20.8432167659574,20.6697674609992,12806.3250961456,21125.8502968722,21161.6103128599,4090,968430,964340,1,0.0516567567979128,11.501,-19.7538133591623,-12.583407170702,1.30949510285014,1.13062905633273
"ES24","ESP",1988,3.90746009528397,14.1177317324793,15.0122082650706,7379.0016268636,12548.7616728762,12787.309040895,594640,13368680,12774040,1.5682389506496,0.0516567567979128,11.501,-22.7311931644943,-6.44586869225622,7.13858095601514,2.40425732106392
"ES13","ESP",1988,5.26137593083775,15.5723933027292,15.5663647466749,9862.02594034681,14000.6410411656,14002.0546783663,3210,9474120,9470910,1.40733544782934,0.0516567567979128,11.501,-18.6462410372252,-7.80383460480154,2.64139249971624,2.4949048296963
"ES62","ESP",1988,2.61745173409515,13.1762982399658,13.1234700283928,4150.90251416667,12312.1821680988,12368.9919560797,85730,12000430,11914700,1.32183503559577,0.0516567567979128,11.501,-34.4296428272628,-3.78538715330183,2.77778760428179,0.412449355682132
"ES21","ESP",1988,11.8821347690456,22.8946661651607,22.8606560504354,16108.5653001005,16849.9759481063,16851.731830664,28250,12090580,12062330,2.65595420742373,0.0516567567979128,11.501,-18.1222086878842,-7.25033645231691,1.87267204107826,2.60102789313351
"ES70","ESP",1988,4.55178094519297,19.5817852338092,19.5689863179344,10715.6790150609,17387.7355978631,17393.3348328912,9330,11036870,11027540,1.51182378307458,0.0516567567979128,11.501,-41.8141921903651,-3.01160611326644,5.20396532363215,0.142815475315748
"ES41","ESP",1988,4.30712564877683,18.1079137084365,20.0729084732514,8905.42569444593,14935.634043589,15812.1079535115,1812010,14317720,12505710,1.91681415048748,0.0516567567979128,11.501,-18.0793564806357,-5.23212575155989,2.38248074238781,1.40732685579672
"ES61","ESP",1988,3.92107971379717,18.341424991148,19.8981880631137,6365.95947261401,14968.0985737754,15488.8661233253,841840,14616890,13775050,3.15605912148914,0.0516567567979128,11.501,-30.7767581069906,-2.85674753882948,3.46477135341948,0.73536243017737
"ES53","ESP",1988,6.52927610991105,15.5723933027292,15.5372222758183,6128.64667521337,14000.6410411656,14019.0943167233,21880,9474120,9452240,1.56803821639727,0.0516567567979128,11.501,-23.685735746691,-5.22878451478288,0,5.35465382868763e-33
"FI1","FIN",1998,14.1940838162868,17.6434101912066,17.2102493678691,11109.6626685601,18426.7879730747,18642.4985983747,852150,29707736,28855586,2.82143531527561,0.0782884968612213,3.938,-7.13961010483498,-9.28087568070308,0.965260575498057,0.288958526016698
"FI1","FIN",2008,14.756442052274,20.8047926193603,20.3619729558387,11852.4058222261,18620.8518559021,18914.0070505169,784140,18808511,18024371,2.56735256859952,0.0707520327914038,3.40666666666667,-4.73271426098032,-7.33845732113325,0.886352576509209,0.36510703536114
"FR10","FRA",1978,21.3050741322043,18.7281786201603,18.6142556429708,25814.2864938154,14737.5306487811,14626.5730331137,136850,13706530,13569680,3.04622550426634,0.119648161439206,4.68,-19.6862179713888,-8.90994924713651,0.0939482430027573,0.14855322350747
"FR62","FRA",1978,10.6781742306399,14.1229644572377,14.0233035453888,10293.7128507138,11700.4687685435,11733.4580861017,313150,13605070,13291920,2.57499271721972,0.119648161439206,4.68,-21.5630231052426,-7.84990199662228,4.47568034794258,2.00747654799544
"FR61","FRA",1978,11.2193767641613,14.1229644572377,14.0681792473772,10485.9116614089,11700.4687685435,11709.558301516,100110,13605070,13504960,2.48320815890921,0.119648161439206,4.68,-24.7497269771256,-7.52382940720421,0.789425527558255,2.72631798049614
"FR25","FRA",1978,16.1274970776328,18.7281786201603,18.7025809123681,19584.5202192841,14737.5306487811,14716.0956719194,61660,13706530,13644870,2.3416345316592,0.119648161439206,4.68,-20.5632432607826,-8.87517810840694,0.223145188729589,0.435418233938973
"FR21","FRA",1978,13.4421934454576,18.9821980339405,18.8659035543378,23210.9559069456,13809.2093573883,13536.9661726726,422050,15002650,14580600,2.86137543449033,0.119648161439206,4.68,-18.2857355113619,-9.06523473820894,0.179236515755758,0.657709337780243
"FR30","FRA",1978,16.7648157869601,18.7281786201603,18.3193257589002,25183.8478436089,14737.5306487811,14531.6769214501,264840,13706530,13441690,2.74525546237334,0.119648161439206,4.68,-18.9567566702617,-11.6403704384294,0.305235657049762,0.242791506271065
"FR23","FRA",1978,15.1827469807729,18.7281786201603,18.6153655206356,22939.7496080658,14737.5306487811,14662.58031583,125180,13706530,13581350,2.90175265538844,0.119648161439206,4.68,-19.3833454937567,-11.7427217334385,0.128311826840666,0.536986823522085
"FR71","FRA",1978,7.4132740497555,18.9821980339405,19.119743713381,12412.9745493206,13809.2093573883,13820.8629085459,125540,15002650,14877110,2.80216422313808,0.119648161439206,4.68,-19.8606700281516,-11.1820580887556,5.65370338368473,2.2491271913045
"FR41","FRA",1978,8.41996774975602,18.7281786201603,19.0375661713769,13783.6435846194,14737.5306487811,14754.0450510886,235430,13706530,13471100,1.70195852291739,0.119648161439206,4.68,-17.4861367744233,-9.04631367313559,0.225472225434569,1.03622623206565
"FR24","FRA",1978,10.8939777527138,18.9821980339405,19.2729643005323,14383.7100124317,13809.2093573883,13791.2221321066,478120,15002650,14524530,2.92980602089259,0.119648161439206,4.68,-19.9569268243705,-9.54413871669948,0.194833410997228,0.263029444416323
"FR72","FRA",1978,8.76111680577598,18.9821980339405,19.0371253468746,12691.13667005,13809.2093573883,13816.5748709058,97500,15002650,14905150,2.51826416149661,0.119648161439206,4.68,-17.9152299411568,-6.7660171414867,3.0425389874874,2.17647897573859
"FR42","FRA",1978,11.4796128117046,18.7281786201603,18.7540759629014,17225.966129879,14737.5306487811,14728.9181749606,47520,13706530,13659010,2.61567097045002,0.119648161439206,4.68,-18.3449262568618,-9.61775538789288,1.39177723827263,2.10301503280265
"FR22","FRA",1978,17.2975385575651,18.7281786201603,17.996509463083,28623.0998371029,14737.5306487811,14308.3791174134,411550,13706530,13294980,2.94322986814943,0.119648161439206,4.68,-17.6600323120772,-10.9542868221009,0.104262690519923,0.258438289270558
"FR81","FRA",1978,10.0673934222494,14.475303962228,14.4539825758487,9042.95391946377,11777.7241179141,11787.3025353042,46940,13852610,13805670,3.22389043680531,0.119648161439206,4.68,-26.1695206692808,-6.88478238956311,5.45789432360449,2.92904542343774
"FR43","FRA",1978,4.74013701188014,18.7281786201603,18.9424527068753,13028.7636518834,14737.5306487811,14746.7121713679,74080,13706530,13632450,1.79093865523402,0.119648161439206,4.68,-16.6245502964848,-12.8064644202072,2.377018018153,4.30373870067521
"FR26","FRA",1978,8.09033195373834,18.9821980339405,19.5109662232437,14310.8957347912,13809.2093573883,13797.3686203873,328940,15002650,14673710,2.24116771519012,0.119648161439206,4.68,-19.7448852336081,-8.57929290875234,0.424214679456156,0.599722332158169
"FR52","FRA",1978,9.36809038930336,13.8207708709607,13.8061566198842,14553.4355734943,12512.6187789385,12481.7254419305,188680,12308950,12120270,1.65784448892705,0.119648161439206,4.68,-22.5879745029491,-8.33763823440773,0.261629423045975,1.05412328757895
"FR63","FRA",1978,7.29537226861227,13.8207708709607,13.8231167831367,9595.08746474909,12512.6187789385,12520.3961387891,32900,12308950,12276050,1.7216683657842,0.119648161439206,4.68,-21.1651605460828,-10.4176041583029,0.692561573414128,1.53685106451027
"FR51","FRA",1978,12.879695891635,18.9821980339405,18.9697342471761,12336.0646291124,13809.2093573883,13821.4373852236,123360,15002650,14879290,2.45840835535711,0.119648161439206,4.68,-20.475408055486,-8.68528856850786,0.403710931157246,0.410606102559439
"FR83","FRA",1978,8.87245399030709,13.7644483638064,13.7632051776544,9184.18181818182,12456.9677395002,12457.2399917718,960,11640180,11639220,1.9353558331679,0.119648161439206,4.68,-28.9404723972092,-9.21750348321127,0.119304864962194,1.02953156062215
"FR82","FRA",1978,13.2272625176959,14.475303962228,14.4425994757582,11334.9120364319,11777.7241179141,11779.6489020111,55940,13852610,13796670,3.07238746956223,0.119648161439206,4.68,-22.2232892598539,-8.221965541301,8.85172728270806,1.46133344645034
"FR53","FRA",1978,8.36499187508055,14.1229644572377,14.0440827631819,10941.3477989326,11700.4687685435,11718.4163290928,304640,13605070,13300430,2.35706706774614,0.119648161439206,4.68,-23.6849851170496,-8.94452757192492,0.2622429616522,0.274326594940561
"FR61","FRA",1988,9.04686373327168,17.5806111765053,17.5584314199194,21448.0619100578,15163.0507802977,15100.8441945908,149570,14632260,14482690,3.4896677488662,0.127477807834468,7.447,-22.5461384548963,-7.73157417749874,0.664305369094318,2.1488214378305
"FR53","FRA",1988,16.086539953435,17.5806111765053,17.3332902468291,14691.8664555961,15163.0507802977,15178.6327156585,466980,14632260,14165280,3.43258910121889,0.127477807834468,7.447,-20.527430635707,-6.38129859012009,0.362372626020771,0.446258835182231
"FR83","FRA",1988,6.68387921348103,15.5723933027292,15.5698515982516,9883.32913752914,14000.6410411656,14001.0888958181,1060,9474120,9473060,1.69698975401951,0.127477807834468,7.447,-34.8075635078515,-10.7191091581967,0.154404463945584,0.9972890197166
"FR71","FRA",1988,15.4176774705178,21.5806625806162,21.4500176241765,22070.3273671249,17183.5088564229,17130.326367691,171900,15880470,15708570,4.03595228341354,0.127477807834468,7.447,-21.3791514031996,-6.18754039858715,5.58181536804082,2.22736009013731
"FR82","FRA",1988,21.8122421209773,17.8451626713602,17.7754513345369,12911.9350532574,15190.0424702331,15197.6705411477,49880,14931430,14881550,4.2808619916151,0.127477807834468,7.447,-27.3126711532982,-5.32507339977402,8.57770617662423,1.41550069594098
"FR81","FRA",1988,17.1229928375901,17.8451626713602,17.7919329190597,9511.59570378049,15190.0424702331,15210.5522097249,52980,14931430,14878450,4.15010870596606,0.127477807834468,7.447,-25.5418019313632,-4.60075367520937,5.428737134168,2.74603380189104
"FR72","FRA",1988,25.8271923143546,21.5806625806162,21.4886727863094,18299.7377462213,17183.5088564229,17175.9865843437,105030,15880470,15775440,4.31416731133388,0.127477807834468,7.447,-18.1480350529313,-5.97276545514365,2.88953730396206,2.21655277062387
"FR42","FRA",1988,11.0619657798272,21.5806625806162,21.612490842891,34112.1091562272,17183.5088564229,17134.7013350963,46530,15880470,15833940,4.61583469781138,0.127477807834468,7.447,-15.6954590297328,-7.23387032576318,1.34902917613635,2.10353309873736
"FR23","FRA",1988,22.5712102754909,21.5806625806162,21.3391430741085,30691.4584136869,17183.5088564229,17025.8193229103,183090,15880470,15697380,4.40358647530467,0.127477807834468,7.447,-17.6477979463075,-5.66312512362901,0.150025044170662,0.622560878322631
"FR63","FRA",1988,6.08131775237128,17.5806111765053,17.6058485185149,24575.3003194321,15163.0507802977,15129.1346985294,52420,14632260,14579840,2.6691035016916,0.127477807834468,7.447,-18.970310548571,-6.44328406820837,0.712160964450297,1.75758762919218
"FR62","FRA",1988,14.9648000113025,17.5806111765053,17.4261794391204,13428.533421517,15163.0507802977,15211.7452844872,398030,14632260,14234230,3.33662939101629,0.127477807834468,7.447,-20.8468007640802,-7.02630603421466,4.25444728071199,2.00349914250446
"FR52","FRA",1988,9.21558256175936,17.5806111765053,16.54064360641,31860.9157644726,15163.0507802977,14619.0574682588,467540,14632260,14164720,2.27706975243024,0.127477807834468,7.447,-20.0583837925207,-7.22940076439873,0.327530876793868,1.2093390024665
"FR10","FRA",1988,14.3596070285377,21.5806625806162,21.5663931061743,26665.5897750856,17183.5088564229,17094.4713470605,148370,15880470,15732100,4.13160318541081,0.127477807834468,7.447,-17.9092570519811,-7.14326305147814,0.0945233533448898,0.117641898255781
"FR41","FRA",1988,16.8186970368776,21.5806625806162,21.6201513262617,21446.8405182871,17183.5088564229,17094.5222162501,323890,15880470,15556580,3.08076950721054,0.127477807834468,7.447,-16.340936918037,-7.56843611850306,0.304995108665607,0.814906742935599
"FR25","FRA",1988,8.9834915998183,21.5806625806162,21.2444250157172,38006.1168860445,17183.5088564229,16872.2649726506,233030,15880470,15647440,2.36363565140483,0.127477807834468,7.447,-19.3191263214547,-5.64325448191013,0.224081244003187,0.408919018252147
"FR24","FRA",1988,14.170141448476,21.5806625806162,21.6860674428648,16800.1054098171,17183.5088564229,17198.788843339,583520,15880470,15296950,4.10425983710596,0.127477807834468,7.447,-18.5289824569817,-6.75656286568528,0.170254994254643,0.435216268903415
"FR43","FRA",1988,19.3468065763969,21.5806625806162,21.4614049541462,23398.9033760845,17183.5088564229,17148.5203901395,89970,15880470,15790500,3.65022718850804,0.127477807834468,7.447,-17.2085530572719,-8.99450397489189,2.37044695547522,4.09161536880374
"FR26","FRA",1988,20.8565935264061,21.5806625806162,21.3025676271905,17374.6997073788,17183.5088564229,17179.2955622695,375480,15880470,15504990,3.79224056692334,0.127477807834468,7.447,-19.1841529848663,-6.75432294667658,0.381603752280621,0.700721735720671
"FR51","FRA",1988,5.16470178682707,21.5806625806162,21.6062855749109,27159.9151721572,17183.5088564229,16874.1943824707,489970,15880470,15390500,2.45890241196072,0.127477807834468,7.447,-19.0466345979843,-6.22053386553017,0.348484109963011,0.323518821296154
"FR21","FRA",1988,36.0548822967337,21.5806625806162,20.9836686149207,26658.6505150359,17183.5088564229,16898.9350557986,462920,15880470,15417550,4.53075483546641,0.127477807834468,7.447,-16.5579975064616,-7.01375241243492,0.228337978021485,0.699193694790667
"FR30","FRA",1988,20.9224991558278,25.4424389264589,25.4392066860785,34227.4847019566,19251.7945539065,18939.0625116318,280410,13653330,13372920,4.21641546809807,0.127477807834468,7.447,-15.7811387935956,-5.9034378754592,0.245870609898022,0.437216525040655
"FR22","FRA",1988,24.6083459539098,21.5806625806162,21.1137936695497,34279.1724290202,17183.5088564229,16704.9167396822,433380,15880470,15447090,4.34722569306353,0.127477807834468,7.447,-15.9201836610051,-7.21904790747237,0.127555055530799,0.4209278401618
"FR10","FRA",1998,14.546548948713,18.7322939963625,18.7280076398066,26837.2385576287,18338.9680926548,18236.2065974484,421618,35254192,34832574,3.54492115451302,0.120653020401076,9.028,-45.2547683683782,-5.61870485045072,0.104915704104916,0.11257968630095
"FR41","FRA",1998,10.7594281224521,18.756203290826,18.9825308149623,22429.1017422292,18758.7219461778,18694.9961790419,574059,33604604,33030545,3.81320138426552,0.120653020401076,9.028,-28.4628034296166,-6.55147040224718,0.259295116443798,0.908593279831896
"FR42","FRA",1998,19.1055410076979,18.7501307678487,18.7298487821171,30791.2977136842,18731.5995335103,18706.5151910563,69617,33519609,33449992,3.74672141324724,0.120653020401076,9.028,-27.3135300669884,-6.42978732752387,1.5435040909331,2.57821029457343
"FR52","FRA",1998,20.6184956882963,17.4667732987594,17.2138147959749,31355.8423548267,17649.0990228843,17341.2184396475,700424,31877078,31176654,3.19571018103029,0.120653020401076,9.028,-51.2428259959235,-9.82820591589698,0.305944275079297,1.06374525552612
"FR23","FRA",1998,18.8905964092372,18.9829892959207,18.7945488984846,29450.1815746282,19732.7186223311,19583.6571304363,472465,31314496,30842031,4.43467344099649,0.120653020401076,9.028,-51.9709469720205,-8.06263251722927,0.130607345360981,0.351925314869646
"FR22","FRA",1998,20.6076304024766,18.7322939963625,18.3920094292494,31812.1625838854,18338.9680926548,17965.0843561715,952359,35254192,34301833,4.13640987518817,0.120653020401076,9.028,-49.4805214197094,-5.95423013083356,0.0998077961043036,0.564748698162225
"FR53","FRA",1998,15.595530817519,17.4036128973584,17.1383058620562,18804.8305347426,17207.8354711167,17167.0310127813,845615,33911160,33065545,4.4985749000811,0.120653020401076,9.028,-37.621364941028,-6.86672627758059,0.332739885171622,0.375822707557307
"FR24","FRA",1998,13.0935783955585,18.646976836453,18.6989878104669,21253.4090857935,18248.8693852869,18119.5240401346,1469950,35553691,34083741,4.30418943918888,0.120653020401076,9.028,-40.0628219173571,-7.70453601105973,0.161094523309099,0.474422040468287
"FR72","FRA",1998,9.44097555989755,18.6493310918712,18.7008420755398,21023.2511955308,18633.4657628084,18619.4849036176,199276,33819108,33619832,4.02770387470343,0.120653020401076,9.028,-25.0708392205841,-11.2966750992403,2.80295150774884,2.01954231671815
"FR71","FRA",1998,9.97836356909757,17.3917207473768,17.3734826048197,21655.5629060889,17177.0871909768,17142.214574649,262721,33826165,33563444,5.00055651854427,0.120653020401076,9.028,-27.7094473823543,-8.56187066842264,5.6933186494412,2.49673653495586
"FR25","FRA",1998,18.6723462093389,18.7322939963625,18.4673575389606,33426.3418975852,18338.9680926548,18146.1403715703,445317,35254192,34808875,3.55723693740764,0.120653020401076,9.028,-56.7597089563112,-8.92002095782077,0.184748219624123,0.384174636714996
"FR21","FRA",1998,18.2751823222204,18.7322939963625,18.5837059792841,26992.7337195111,18338.9680926548,18100.8180773645,945663,35254192,34308529,4.41309038836551,0.120653020401076,9.028,-31.4680492025226,-6.05824057078275,0.201461495084432,0.771054149429832
"FR62","FRA",1998,12.0921599699883,17.4036128973584,17.3834236644044,15234.2921128787,17207.8354711167,17250.4295436538,714118,33911160,33197042,5.69583030789378,0.120653020401076,9.028,-28.1090946512078,-12.7705198503429,4.71046165610283,2.13542894254864
"FR61","FRA",1998,16.7258061345135,17.3917207473768,17.3331112045582,21974.7461116936,17177.0871909768,17143.8999660675,232894,33826165,33593271,4.81620531659526,0.120653020401076,9.028,-33.692884037034,-12.3847532296167,0.667499915000929,2.03325428598858
"FR82","FRA",1998,12.8291225316198,17.4884677463619,17.4767738478679,12014.6057531345,17178.7891705808,17194.7443079298,105809,34058784,33952975,3.94645322218482,0.120653020401076,9.028,-32.7095083001827,-6.18409096552585,8.48834945321568,1.37212098568452
"FR63","FRA",1998,9.79053873153056,17.4667732987594,17.4764808158298,24462.6748039909,17649.0990228843,17634.2789975109,69425,31877078,31807653,3.7542536897044,0.120653020401076,9.028,-27.3429625038247,-10.5166335316616,0.667947359816654,1.34788852054469
"FR30","FRA",1998,17.5805030580478,18.9829892959207,18.7353652101692,33202.7392926994,19732.7186223311,19497.71342054,535983,31314496,30778513,4.50071435341782,0.120653020401076,9.028,-54.8874909066379,-7.26297965801789,0.232536352319372,0.403366756332359
"FR83","FRA",1998,7.67322324616608,18.5503281822427,18.550504662399,11513.1385281385,19340.9528051693,19341.1641053793,625,23851867,23851242,2.50560332564793,0.120653020401076,9.028,-41.6027875253487,-11.8007443452176,0.179416152010334,0.983828691986675
"FR26","FRA",1998,9.86393765689619,18.6554828888412,18.9250739002152,20199.9634180189,18660.5931367897,18626.2230059727,740371,33904103,33163732,4.08022940531409,0.120653020401076,9.028,-29.086911139435,-8.988695655903,0.400970641804849,0.565029233218973
"FR51","FRA",1998,19.0075887766644,18.646976836453,18.1155333332961,27256.7738326772,18248.8693852869,18045.8913138553,784795,35553691,34768896,3.88213786614112,0.120653020401076,9.028,-46.8303064431541,-6.47963541879019,0.26588090924638,0.40411803965109
"FR81","FRA",1998,15.9261355267426,17.4884677463619,17.4709304550653,11625.4273965543,17178.7891705808,17200.6946992053,133901,34058784,33924883,3.55707563427917,0.120653020401076,9.028,-36.5701879503919,-9.10905096010508,5.42207562170314,2.03215307771617
"FR43","FRA",1998,9.77314919725731,18.6493310918712,18.704399544971,22141.5372114505,18633.4657628084,18617.2669463974,156078,33819108,33663030,4.74618987563758,0.120653020401076,9.028,-24.0811151394698,-8.00096007324867,2.423687866836,4.48738580244082
"UKF","GBR",1978,12.636890835608,12.2563152653483,12.1247152209812,16019.5415121551,11890.519336665,11797.443919103,238060,10428410,10190350,1,0.209528168309043,0.803,-21.5867044897429,-22.4030016025701,0.049819884,0.43253046
"UKE","GBR",1978,17.7269459678345,12.2563152653483,12.05019489671,16402.8502152352,11890.519336665,11784.8416038802,247450,10428410,10180960,1,0.209528168309043,0.803,-22.2248262668831,-17.2506302828856,0.26599115,1.30092297
"UKG","GBR",1978,15.1762879404199,12.2563152653483,12.1313523169415,15953.3156769004,11890.519336665,11831.4096305203,152320,10428410,10276090,1,0.209528168309043,0.803,-19.7915606963601,-19.0333822079646,0.21792242,0.70927418
"UKN","GBR",1978,10.7986363905739,13.7644483638064,13.7177489140631,14169.3571253096,12456.9677395002,12447.7847467847,62340,11640180,11577840,1.68678153905921,0.209528168309043,0.803,-18.7986074252831,-11.9060604089039,0.21955942,1.8803759
"UKM","GBR",1978,15.2550433783094,13.7644483638064,13.0659730795369,16068.5986065404,12456.9677395002,12305.6666584123,464300,11640180,11175880,1.29483506083361,0.209528168309043,0.803,-16.7963860301699,-17.0283960954994,0.62745165,8.6923751
"UKL","GBR",1978,16.6520987846268,13.7644483638064,13.7258128076301,15200.8631696992,12456.9677395002,12442.8292059555,60030,11640180,11580150,1.37711882982941,0.209528168309043,0.803,-18.4128525743175,-17.2719169391886,0.85617148,2.6747848
"UKK","GBR",1978,17.0131775636999,12.2563152653483,12.0828116728187,15763.9662776191,11890.519336665,11803.0584140226,232720,10428410,10195690,1,0.209528168309043,0.803,-18.077766073904,-13.454364297443,0.22737157,1.5225613
"UKG","GBR",1988,15.8688840389087,13.9211033665387,13.8209765560176,18321.7288248694,13178.3735402759,13120.7485108237,97970,8505690,8407720,1,0.216169181285641,0.883,-18.5032835073578,-8.34785058297424,0.22370824,0.70849947
"UKF","GBR",1988,16.3478792905647,13.9211033665387,13.6775281157988,18514.0989296644,13178.3735402759,13098.3956743826,131720,8505690,8373970,1,0.216169181285641,0.883,-18.7013252509417,-6.28749767987112,0.068693387,0.45711097
"UKE","GBR",1988,21.4208029009321,13.9211033665387,13.660366216084,19705.6465810711,13178.3735402759,13067.73443616,145970,8505690,8359720,1,0.216169181285641,0.883,-17.3601590242339,-8.63743702984827,0.23541471,1.43060255
"UKL","GBR",1988,14.0316593947327,13.9211033665387,13.8787968682126,15792.7729602711,13178.3735402759,13167.4374253229,36980,8505690,8468710,1,0.216169181285641,0.883,-17.6780049889775,-8.873066347847,0.80722866,3.0050553
"UKK","GBR",1988,22.6366466349368,13.9211033665387,13.6477311542327,17167.5506295934,13178.3735402759,13106.616111363,154690,8505690,8351000,1,0.216169181285641,0.883,-17.5086778142448,-10.7494762914362,0.18518699,1.58035863
"UKN","GBR",1988,12.4281480635817,15.5723933027292,15.4795460400998,16621.7759960596,14000.6410411656,13987.9538966877,46480,9474120,9427640,1.66732909758447,0.216169181285641,0.883,-26.17840282259,-10.9338047228986,0.27459398,1.813968
"UKM","GBR",1988,13.2454489894864,17.3623483674337,16.4831131788966,17717.8435633394,14076.4909747038,13937.3292435849,402200,10842370,10440170,1.87127437947881,0.216169181285641,0.883,-20.0312801571236,-10.1592754146127,0.63228363,10.985633
"UKC","GBR",1998,21.2178468011616,18.881716814997,18.7566549949352,19546.2538963588,15866.8969634229,15848.374240658,41380,8117416,8076036,1,0.188588659411745,1.3,-30.5583226122303,-7.4847352733214,0.254368,0.63002403
"UKD","GBR",1998,12.6829662556808,18.881716814997,18.784207064317,16146.8921571779,15866.8969634229,15865.8860593385,40180,8117416,8077236,1,0.188588659411745,1.3,-34.9087486525893,-7.29070504296358,0.68325529,2.7476699
"UKG","GBR",1998,14.000635925958,18.881716814997,18.6810643924604,18289.8424926335,15866.8969634229,15848.6202663217,63120,8117416,8054296,1,0.188588659411745,1.3,-47.9746513630721,-6.67894091697712,0.29851682,0.79655101
"UKF","GBR",1998,28.0003791159708,18.881716814997,18.657452286825,19624.4729755717,15866.8969634229,15825.8468743159,88750,8117416,8028666,1,0.188588659411745,1.3,-37.0068299775447,-7.97147630833401,0.093591766,0.49730149
"UKE","GBR",1998,34.2192603931422,18.881716814997,18.5543265182896,20516.7597184299,15866.8969634229,15799.52665956,116070,8117416,8001346,1,0.188588659411745,1.3,-35.8869898592901,-7.61917509656223,0.28316228,1.45229231
"UKL","GBR",1998,19.9079057843568,18.881716814997,18.8396839663158,16704.2900140076,15866.8969634229,15864.5801407867,24760,8117416,8092656,1,0.188588659411745,1.3,-46.5052459996896,-6.89355758215826,0.84494995,3.1273786
"UKK","GBR",1998,24.4410901320508,18.881716814997,18.5912150112773,17559.0516714258,15866.8969634229,15844.0835847016,113710,8117416,8003706,1,0.188588659411745,1.3,-49.6239752693658,-6.99615785153586,0.16013341,1.24000347
"UKH","GBR",1998,27.5876848148699,18.881716814997,18.3004039761838,19631.1718234101,15866.8969634229,15791.4425181203,159770,8117416,7957646,1,0.188588659411745,1.3,-36.6127595861443,-8.10489143128967,0.34090919,0.2686712
"UKM","GBR",1998,21.8333545906754,18.881716814997,17.9845906880767,18840.8730292356,15866.8969634229,15749.2132834626,314130,8117416,7803286,1,0.188588659411745,1.3,-29.4260009913715,-7.64937006833426,0.676225,8.9860043
"UKN","GBR",1998,10.913198593547,18.881716814997,18.8177572688993,16141.4427257424,15866.8969634229,15866.0152488556,29050,8117416,8088366,1,0.188588659411745,1.3,-39.969605623606,-7.80458832753431,0.27852874,2.1217517
"EL43","GRC",1978,26.9281837812721,13.7644483638064,13.7532997235976,6886.6642947796,12456.9677395002,12463.208583508,12990,11640180,11627190,1.98395238905552,0.099440350877193,11.152,-55.1221013478846,-10.6018788772175,11.0122100415708,1.32336822537209
"EL30","GRC",1988,4.50440456640908,15.5723933027292,15.5758829956802,6362.60465068748,14000.6410411656,14002.6165660205,2460,9474120,9471660,1.54045225403929,0.0938418438813192,13.367,-32.4650001473003,-3.84395545418609,0.0539253383556961,0.0354803454935732
"EL42","GRC",1988,7.64112908617421,19.5817852338092,19.5784140388558,5332.5600765121,17387.7355978631,17402.4263890679,13300,11036870,11023570,1.71623105598344,0.0938418438813192,13.367,-40.5750189402642,-3.27911024007557,0,0
"EL41","GRC",1988,7.59093942728727,15.5723933027292,15.5668297403596,5426.49854699362,14000.6410411656,14011.0342549451,11410,9474120,9462710,1.34035713407689,0.0938418438813192,13.367,-33.654766115957,-3.91749131438733,0.0318287061889001,0.00429122505015074
"EL43","GRC",1988,15.6106266855575,19.5817852338092,19.5731328674581,8268.7607691534,17387.7355978631,17396.1671027277,10100,11036870,11026770,2.08797572466359,0.0938418438813192,13.367,-40.0699101229528,-4.64243738532152,11.2002840583995,1.14082142301028
"EL30","GRC",1998,6.14217170406623,20.7141561250959,20.6926255220129,4778.23222983299,15231.558001479,15241.1465333659,10563,11803709,11793146,1.5209630374061,0.0636045870837379,17.691,-44.91462956641,-4.9921751623449,0.0645715805930084,0.0170917545690381
"EL43","GRC",1998,3.68214602364352,17.266415470286,17.260287077945,18011.2494054067,17075.2926553151,17075.7906132698,5309,26016395,26011086,1.59688877491345,0.0636045870837379,17.691,-45.8301851422685,-4.28619267456705,11.2358558017894,1.66190413929204
"EL42","GRC",1998,15.4804006956306,19.0016730667129,18.9950741418229,4894.30919238222,18601.5010973331,18606.8876770843,10851,27538160,27527309,3.06676956408314,0.0636045870837379,17.691,-63.1252411606998,-5.12817052208953,0,0
"EL41","GRC",1998,10.7057625811816,20.7141561250959,20.7066558573203,6231.83465815213,15231.558001479,15235.1338626345,4640,11803709,11799069,2.27435140507175,0.0636045870837379,17.691,-44.8599840859459,-3.88005865930115,0.0326716435770286,0.0054831312554436
"EL30","GRC",2008,2.93341027953298,20.6451942207122,20.6317116037,9635.92037946355,17700.5387916596,17704.1664852321,6484,15985196,15978712,2.51921848870056,0.0511656432997896,21.0588888888889,-38.7488524129878,-6.12203329178971,0.0664851605421364,0.0183538210260846
"EL41","GRC",2008,2.4173100372909,20.6527358123914,20.6122915291643,5381.66912018786,17695.1866749688,17700.7409059909,6053,15991539,15985486,3.36195675917238,0.0511656432997896,21.0588888888889,-41.3448529153798,-4.49761276264613,0.0437847473768122,0.00786914948559046
"EL52","GRC",2008,11.0333454223053,18.4514865653131,18.3418759916507,12774.8958684516,17373.2338470634,17442.4583523256,382333,25028469,24646136,6.47414919240765,0.0511656432997896,21.0588888888889,-44.1679314578591,-5.66707302509966,4.86963688646859,1.35062317079396
"EL53","GRC",2008,9.72899745297161,17.9866512761215,17.9195185223496,12193.1791975424,17787.122095907,17822.7040513885,139071,21601310,21462239,5.696055722325,0.0511656432997896,21.0588888888889,-28.5098869850393,-5.70277080461275,5.97547392826982,1.44596094779769
"EL42","GRC",2008,3.56504861640205,17.9455172223796,17.9355639713345,6303.28661273418,17528.3649091983,17533.1979366524,8230,18923776,18915546,3.76739388065205,0.0511656432997896,21.0588888888889,-25.3360572500357,-3.75330707870074,0,0
"EL51","GRC",2008,11.6539661336008,18.4519371268515,18.3867693267343,15772.8058485486,17373.125286536,17385.2737245363,205402,25028710,24823308,6.03646603573703,0.0511656432997896,21.0588888888889,-31.9508062962743,-4.66286040518697,4.31834441835045,0.443261432452072
"EL62","GRC",2008,4.05486916350531,17.9151063394365,17.9085483966163,8385.43680344426,17562.9723201271,17565.075009441,4103,18846699,18842596,4.24952534904748,0.0511656432997896,21.0588888888889,-66.1751684212957,-5.0202650825047,0,4.44641267704363e-32
"EL63","GRC",2008,6.18525023675277,17.9808184180974,17.8804029949855,18063.8946194281,17558.7722809402,17561.2487616966,64077,18916003,18851926,3.33566725387523,0.0511656432997896,21.0588888888889,-53.2419193294029,-8.20817244571698,2.74637727377925,0.757609233887028
"EL54","GRC",2008,9.18812070616983,17.1392803162582,17.1099717321413,24791.9343085583,16492.2720155985,16486.5986516769,13931,20970912,20956981,3.653691535198,0.0511656432997896,21.0588888888889,-41.3660112185322,-5.3558820013178,6.83865323041334,1.33193334047558
"EL61","GRC",2008,12.8870003604716,17.1029408901737,16.9339102299842,16203.658463185,16465.6136348905,16467.9030129297,200538,20950392,20749854,4.04394260177399,0.0511656432997896,21.0588888888889,-47.1135963847081,-7.13884611032389,3.40406006405537,2.46638738751562
"EL43","GRC",2008,3.86505719118307,20.6527358123914,20.6075525442689,11690.8915631697,17695.1866749688,17699.3881081335,7346,15991539,15984193,2.56286742039189,0.0511656432997896,21.0588888888889,-30.36081088332,-5.94752837616015,11.2298657857539,1.60016911685028
"EL64","GRC",2008,13.1582776845323,17.1679091973237,17.1082607939168,13706.3924108372,16581.3151691586,16594.0684500573,88407,20769137,20680730,4.13971978843976,0.0511656432997896,21.0588888888889,-36.6389037994036,-9.20996357322648,5.52541548360855,0.806272069781645
"EL65","GRC",2008,11.026674122693,18.0113857834687,17.9841010715124,10491.5442180855,17524.3043966688,17532.4999675298,22477,18993080,18970603,5.5234317077865,0.0511656432997896,21.0588888888889,-28.412729790807,-6.04900814071964,1.79745692760413,0.788522642622911
"HU1","HUN",1998,6.35302587192205,19.3570984005912,19.3940968525236,8653.24126703699,16611.3955476873,16642.2197934681,68520,17785158,17716638,3.68678093924937,0.0621487807897017,3.434,-15.9212024958242,-4.76426172337032,0.170423925810862,0.0656189645910671
"HU21","HUN",1998,7.17577097805275,19.2049959588632,19.28523754105,10129.4639258812,16463.2016298197,16504.1533826138,116150,18084657,17968507,3.44368412251528,0.0621487807897017,3.434,-15.7225701330418,-5.41181021101996,0.277924825727761,0.203618125355299
"HU22","HUN",1998,8.49148061705463,19.2049959588632,19.2669553814818,12284.3473280697,16463.2016298197,16493.7455044034,131980,18084657,17952677,3.92403211974684,0.0621487807897017,3.434,-17.1197026094061,-6.58409522452313,0.0965546439666061,0.660406751515727
"HU32","HUN",1998,5.61620109798387,19.4071647848583,19.627203909871,9593.94479484515,16475.1730882154,16556.3686778414,211960,18317276,18105316,3.29407658508426,0.0621487807897017,3.434,-15.5761956290332,-7.20653903077428,0.337489362486375,0.400041560151293
"HU33","HUN",1998,6.7810713068067,19.4071647848583,19.5739215736071,9718.54783345221,16475.1730882154,16561.2487048616,230190,18317276,18087086,3.64444189501869,0.0621487807897017,3.434,-15.9263783244122,-4.21651780557668,0.0917623259386295,0.194801434740508
"HU31","HUN",1998,5.34961550791324,20.4737284768336,20.6469303392493,12601.754731221,18654.7067843131,18703.9981318791,157040,19606422,19449382,3.81177706302653,0.0621487807897017,3.434,-16.6133356539196,-6.31001846482246,0.559895530832771,0.154915878632665
"HU23","HUN",1998,10.7964326944173,19.2049959588632,19.2350966544732,10820.595239805,16463.2016298197,16506.2252357364,136630,18084657,17948027,4.40577070935506,0.0621487807897017,3.434,-16.0727158871268,-5.8848129048424,0.275385096599955,0.499204649668826
"HU1","HUN",2008,6.72795878446317,19.7971614341708,19.8766991922944,11680.0481162358,17409.3325103329,17446.2042700375,134597,21069305,20934708,3.47931344339299,0.0712867155770994,3.40666666666667,-21.5725072997936,-3.78923884545092,0.129196059849327,0.0541080106986782
"HU21","HUN",2008,8.90031354032165,19.692941764993,19.8219885704422,13749.4388406237,17311.4795663028,17355.2850270509,258234,21274385,21016151,3.78402938169568,0.0712867155770994,3.40666666666667,-21.2320820195912,-4.23070120379826,0.207725825273892,0.231682052267358
"HU22","HUN",2008,12.0636623406739,19.692941764993,19.7421093424434,14142.9068931211,17311.4795663028,17353.5867470895,279561,21274385,20994824,4.08685236735566,0.0712867155770994,3.40666666666667,-21.0021501640292,-5.32559750247704,0.0767525253560578,0.792385849033261
"HU32","HUN",2008,7.75244164222196,19.692941764993,19.7963078831308,11581.0360238338,17311.4795663028,17434.7033057663,449158,21274385,20825227,3.28203578472427,0.0712867155770994,3.40666666666667,-20.6954181103079,-4.16350278461393,0.432452723574314,0.345036204477119
"HU33","HUN",2008,10.3588079965187,19.6760444905152,19.6265115561051,12520.3232129188,17308.3838531434,17423.9473805062,502821,21281684,20778863,3.87338918440662,0.0712867155770994,3.40666666666667,-26.1304973409178,-3.99664156097431,0.0744961061118864,0.172891468437637
"HU31","HUN",2008,7.64349859635777,19.5463561177508,19.7080528270779,11705.1180654066,17471.8434246448,17550.3808167722,279867,20789648,20509781,3.46049164374015,0.0712867155770994,3.40666666666667,-20.5065483824621,-3.80124351967831,0.509663049422972,0.177380246218634
"HU23","HUN",2008,11.183300887901,19.6760444905152,19.7447055767353,15069.0874159841,17308.3838531434,17343.5968797476,333605,21281684,20948079,4.33515608946102,0.0712867155770994,3.40666666666667,-24.7736624443242,-4.42065522686326,0.210727145527219,0.526533474277941
"ITC1","ITA",1978,21.5603849676265,19.3181135502016,19.0620241682732,16424.971956843,14825.8829170238,14809.059466303,139890,13285300,13145410,2.10898472164844,0.083346894447834,20.161,-27.6589696862762,-8.77688109328387,5.60863457961013,4.47448433092309
"ITF3","ITA",1978,15.0055874922099,18.8975118587038,18.8305911823919,11916.493349807,14803.2286330636,14812.5373506893,42240,13037760,12995520,1.92776692381664,0.083346894447834,20.161,-24.8019705876919,-8.63362869779549,1.33751752082218,2.68205797287537
"ITH4","ITA",1978,12.5471444638092,18.8975118587038,18.8643653487137,16240.9861268757,14803.2286330636,14800.8356625556,20910,13037760,13016850,1.91627324165748,0.083346894447834,20.161,-24.5325633064901,-10.2053717083294,2.33182069094731,21.1681385887443
"ITC2","ITA",1978,4.9428970501835,18.4024311037293,18.383221129466,9145.81904761905,17377.4409056563,17382.6047482765,690,1211770,1211080,1,0.083346894447834,20.161,-7.41729526631506,-9.77838264432567,5.47512381462028,1.26563542555833
"ITI2","ITA",1978,7.77715997690396,19.2344139184683,19.1953270078283,8958.19483490945,13823.3446291415,13832.2345144847,26470,14333880,14307410,3.07005823331242,0.083346894447834,20.161,-23.6887697843148,-6.47969548518444,1.38803184616363,0.716130638359881
"ITC3","ITA",1978,8.30313951576738,18.4024311037293,18.3905361568282,11368.4936819937,17377.4409056563,17393.7337047822,3250,1211770,1208520,1,0.083346894447834,20.161,-18.8025374370039,-7.15599537199296,1.75484672813365,2.47661997513914
"ITF1","ITA",1978,9.74407088818222,18.8975118587038,18.82156651059,14594.7404787529,14803.2286330636,14803.7134419743,34640,13037760,13003120,2.84497077105216,0.083346894447834,20.161,-23.750167876681,-9.72429186845571,4.19842464014658,1.04571640976014
"ITG2","ITA",1978,7.55383678119292,19.3181135502016,19.3013557824211,9024.58455479687,14825.8829170238,14841.0122247869,34270,13285300,13251030,2.41466815460604,0.083346894447834,20.161,-24.0805568033105,-7.5128755760351,0.567383055067137,0.866640460063458
"ITF2","ITA",1978,6.66005359811808,19.2344139184683,19.2047837901096,7344.2305260614,13823.3446291415,13833.2211463417,21950,14333880,14311930,3.34972228561592,0.083346894447834,20.161,-24.0428489800377,-6.78568663914369,2.87409062650812,1.80995531199363
"ITH3","ITA",1978,10.7447871099273,19.3181135502016,19.1072761250476,27244.9328729185,14825.8829170238,14760.3509107628,68200,13285300,13217100,2.82173622492785,0.083346894447834,20.161,-28.8286542564493,-8.39181648760644,1.88445367206614,3.29550491154748
"ITF5","ITA",1978,4.44427200285748,18.8975118587038,18.8830645650257,9226.81328486953,14803.2286330636,14818.541541273,35520,13037760,13002240,2.11566331052179,0.083346894447834,20.161,-21.7970524541,-5.59066291983379,2.82359628600962,1.32797657907001
"ITI4","ITA",1978,12.8737827544908,19.2344139184683,19.1659429725853,12998.8433641058,13823.3446291415,13825.9276552144,44070,14333880,14289810,2.87155702499023,0.083346894447834,20.161,-21.9253380760735,-7.13582402986695,3.77676088656978,1.70944690008256
"ITF4","ITA",1978,5.75883508083078,19.2344139184683,19.1658115715342,12805.5618546934,13823.3446291415,13828.6232199046,76490,14333880,14257390,3.51680355071845,0.083346894447834,20.161,-35.4214384090414,-6.76422840910774,1.6413673076632,0.324752559762583
"ITI1","ITA",1978,7.63962020843623,19.2344139184683,19.1217270610178,10111.0308026584,13823.3446291415,13842.1089569891,71150,14333880,14262730,3.13043341072676,0.083346894447834,20.161,-21.9124335643699,-7.84351734956335,3.10915925441881,2.15106141491121
"ITG1","ITA",1978,13.5520604576386,13.7644483638064,13.7595533538115,7607.88031001365,12456.9677395002,12465.6707505268,20710,11640180,11619470,1.92122317027908,0.083346894447834,20.161,-40.8163253771965,-4.55517852049348,2.39040809984437,1.16831333175634
"ITC4","ITA",1978,17.6614159675459,19.3181135502016,19.0787925188539,18387.0567794963,14825.8829170238,14785.8791021232,148330,13285300,13136970,2.92736856021039,0.083346894447834,20.161,-28.2658376213973,-7.66332879286983,2.94520637942785,2.52278774335697
"ITF6","ITA",1978,11.8102599017292,18.8975118587038,18.8697254819213,9889.7638825146,14803.2286330636,14813.9040401448,28310,13037760,13009450,2.74862520358522,0.083346894447834,20.161,-37.0859011205025,-8.6317944830277,4.25231017241026,2.58676057830558
"ITH3","ITA",1988,11.1204067768337,24.4356522897412,24.5837304639853,13985.4020162477,16544.2256256329,16572.6851569877,3150,299170,296020,1,0.0770711486545328,23.194,-21.6762686863159,-7.71436377313091,1.97298689628399,3.84247619941864
"ITC1","ITA",1988,24.2372337167427,24.4356522897412,20.3396571036981,16893.3011491363,16544.2256256329,16317.6390218589,114790,299170,184380,1,0.0770711486545328,23.194,-27.8105806914363,-5.00682712244,4.56207823173875,3.78136174319778
"ITC4","ITA",1988,16.4690918520577,24.4356522897412,26.2573292859029,15698.7989489392,16544.2256256329,16913.7913488558,92200,299170,206970,1,0.0770711486545328,23.194,-24.65145140175,-6.27844304006598,2.90950738252531,2.68600790150224
"ITC1","ITA",1998,32.5143457482717,16.0929840443612,16.0009105521155,16408.835174024,15892.0217818699,15887.9549599695,267460,32537019,32269559,3.90544331461431,0.0774977221489443,25.958,-35.3773045075785,-3.5772196792778,4.9036360095508,5.25997066807428
"ITF1","ITA",1998,14.8489402131764,18.5270833683774,18.5222982703733,13694.6271905345,17333.5273536052,17345.2045770409,97150,30248533,30151383,4.45269349467011,0.0774977221489443,25.958,-28.1124761903589,-5.91941608121792,3.94644431583867,1.63301860238398
"ITF2","ITA",1998,19.353817304521,18.6272350119708,18.6040396142562,9584.65948252955,17430.4334177717,17454.7427687915,92600,29949034,29856434,2.6772670348237,0.0774977221489443,25.958,-32.1219099805953,-6.33869850349084,2.96848868382067,1.6141176794816
"ITC3","ITA",1998,9.48289338661627,16.681582073051,16.6816284980984,10414.5694083694,17612.8338355035,17613.0736429488,750,22330102,22329352,1.63082548886369,0.0774977221489443,25.958,-39.2058762362674,-3.70501457678726,1.31770455363561,1.94460342234753
"ITF3","ITA",1998,16.6944665186916,18.6272350119708,18.617823196133,11234.8568541088,17430.4334177717,17455.3439138359,120580,29949034,29828454,3.21775994733411,0.0774977221489443,25.958,-27.4360027243238,-7.8319865472256,1.26223819183657,1.63188576050848
"ITC2","ITA",1998,6.93707621992399,15.9851503483456,15.985535460296,14237.5,17222.6087341672,17222.9845061017,220,2036705,2036485,1,0.0774977221489443,25.958,-10.7148685260862,-5.16543223087469,4.68337395915333,1.93370381055204
"ITF4","ITA",1998,5.39982655420815,17.4383651756558,17.5981843660662,8744.5470114308,17119.1896607665,17237.1674944394,467400,33647432,33180032,1.8464775989706,0.0774977221489443,25.958,-31.5013405135293,-5.50460774813419,1.81951091905875,0.322707617322211
"ITG1","ITA",1998,4.99376422389715,17.266415470286,17.1670559764844,7683.91084950526,17075.2926553151,17206.4058761186,357140,26016395,25659255,1.39835009130649,0.0774977221489443,25.958,-32.8490856824513,-5.75306305155114,2.39020292741907,0.56859338186053
"ITF5","ITA",1998,4.8374836500036,17.1127886856889,17.1659083759955,7996.00328645673,18034.2772130105,18110.1236016334,217790,29320619,29102829,1.65697849986742,0.0774977221489443,25.958,-31.7718929738374,-5.96222281448976,3.05390093492714,0.610363249129619
"ITG2","ITA",1998,4.94485736074761,21.0450401811508,21.0946019768406,5668.84398946238,15274.1205573947,15372.7760035028,121790,12036328,11914538,2.14254802858317,0.0774977221489443,25.958,-39.3310495592,-6.75555001779274,0.639450335815462,1.27752686562326
"ITF6","ITA",1998,16.1141878689963,16.038797631708,16.0262129876269,8350.88074955704,15958.1977757993,15981.0209577576,94540,32004901,31910361,3.2051393847208,0.0774977221489443,25.958,-41.0902668059777,-7.19245291763519,4.06897425515981,2.35385494007024
"ITC4","ITA",1998,17.2401687573625,17.4711261372147,17.4303739823515,18552.4098317347,17038.1892613741,17027.5213523287,238230,34179550,33941320,4.90338997335289,0.0774977221489443,25.958,-34.0462128400278,-4.78232476990995,3.26633098753264,3.01744017116462
"PL11","POL",1998,7.91543314922812,17.6434101912066,17.6572175399431,11317.6103407664,18426.7879730747,18492.5727008587,272480,29707736,29435256,3.55231853880007,0.069550025431589,0.622,-18.3911692736739,-5.99071114927612,0.110019215827672,0.112533312298361
"PL12","POL",1998,13.6369066777709,17.6434101912066,17.5781456973104,11670.7024864039,18426.7879730747,18522.2609315876,412460,29707736,29295276,3.77917891013782,0.069550025431589,0.622,-16.3579489586122,-7.63595179252865,0.0766587074862598,0.115594226424801
"PL21","POL",1998,11.3593539284542,17.6434101912066,17.6181575179402,10632.6551231967,18426.7879730747,18489.2892176703,235870,29707736,29471866,3.04133981940902,0.069550025431589,0.622,-13.7927374508754,-7.6967283540164,2.4898167643277,1.07506701094623
"PL51","POL",1998,10.9282712237573,17.6434101912066,17.720250639059,14163.0747837272,18426.7879730747,18501.1122269347,507440,29707736,29200296,3.51972303668233,0.069550025431589,0.622,-17.9954499973978,-7.88451156805457,2.2017841,0.97660874
"PL22","POL",1998,12.6321804672315,17.6434101912066,17.6297275097408,12145.6094131624,18426.7879730747,18458.5073404982,149480,29707736,29558256,3.7057676300377,0.069550025431589,0.622,-13.7200936567161,-7.63482869343293,0.149538436073157,0.88387557934344
"PL52","POL",1998,11.7559346278209,17.6434101912066,17.6462905832478,15773.5885048117,18426.7879730747,18455.1366384017,313610,29707736,29394126,3.74605850655299,0.069550025431589,0.622,-16.2100113298063,-9.55487990900326,0.21089917,0.20184544
"PL31","POL",1998,13.1819568495562,17.6434101912066,17.5846080542015,12083.9608430191,18426.7879730747,18552.8292242916,579770,29707736,29127966,3.59679546049029,0.069550025431589,0.622,-15.5981041059067,-7.34031980659629,0.0646104481283725,0.289834292124631
"PL32","POL",1998,13.7049184944378,17.6434101912066,17.5703069701064,11033.6763308575,18426.7879730747,18487.4978557917,240440,29707736,29467296,3.19370538750544,0.069550025431589,0.622,-15.2576230968973,-7.07950845686346,0.46620281,0.44549603
"PL33","POL",1998,10.7953171645058,17.6434101912066,17.6296403620595,10632.3446137461,18426.7879730747,18482.6596734002,211520,29707736,29496216,3.55465145138242,0.069550025431589,0.622,-16.295310581646,-6.85675170868069,0.2966404,0.32966404
"PL34","POL",1998,12.5125245116054,17.6434101912066,17.6537998285411,10908.0012420448,18426.7879730747,18464.0452574968,145970,29707736,29561766,3.46735371614636,0.069550025431589,0.622,-13.5440622846862,-11.7091080461518,0.19228538,0.146237487
"PL41","POL",1998,9.6591636910047,17.6247078573849,17.704410347326,14304.3682622055,18458.3075823105,18540.9130169158,580100,29792731,29212631,4.35425891620076,0.069550025431589,0.622,-18.6897215374807,-5.92948402603889,0.140812362,0.097535825
"PL63","POL",1998,14.7358522391242,17.6434101912066,17.589761101703,13395.9099519524,18426.7879730747,18477.2277385394,292700,29707736,29415036,3.83078191461589,0.069550025431589,0.622,-14.8755464743042,-5.84345059853087,0.55965855,0.237608016
"PL42","POL",1998,8.83385492944565,17.6434101912066,17.7478950876613,12619.4218000836,18426.7879730747,18507.9825814826,408840,29707736,29298896,3.654166203046,0.069550025431589,0.622,-15.7250014422146,-5.74793983282165,0.18268789,0.38494509
"PL43","POL",1998,5.88461945487276,17.6434101912066,17.6834813832082,11015.4310421187,18426.7879730747,18458.8193636853,128290,29707736,29579446,3.75278698937887,0.069550025431589,0.622,-19.7589570392366,-5.81119074560463,0.129537699,0.148332392
"PL61","POL",1998,11.2993693247945,17.6434101912066,17.6288342880346,14076.4376044993,18426.7879730747,18496.8372644862,470260,29707736,29237476,4.1095723326201,0.069550025431589,0.622,-16.6199604637257,-5.44616026461765,0.30153134,0.081332541
"PL62","POL",1998,15.3003447924332,17.6434101912066,17.6024129798921,11624.8287432435,18426.7879730747,18495.8924687488,297960,29707736,29409776,3.46111072187212,0.069550025431589,0.622,-14.705470227282,-8.96606387825966,0.40417804,0.148901505
"PL42","POL",2008,8.93244994092833,20.8047926193603,20.7586050510228,16120.1043854163,18620.8518559021,18667.7371540922,341342,18808511,18467169,3.06487958638443,0.0951581250759799,0.864444444444444,-11.8556161284291,-6.17495145348115,0.1933859,0.316697941
"PL43","POL",2008,7.00273781991223,20.8047926193603,20.8322527705697,14097.3387998177,18620.8518559021,18651.1940834978,123543,18808511,18684968,2.99918194992485,0.0951581250759799,0.864444444444444,-11.9999546355753,-6.2904754671999,0.093925517,0.145682214
"PL51","POL",2008,21.9597877752773,19.6504837298089,19.4908476906549,16356.9175437788,17573.4951598625,17602.2025542511,474251,20584568,20110317,2.94911642985732,0.0951581250759799,0.864444444444444,-10.9730515085343,-6.21382742017359,2.232991,0.82914013
"PL52","POL",2008,14.9959485410896,20.8047926193603,20.7361266939068,18903.5902780172,18620.8518559021,18616.1959420964,306114,18808511,18502397,3.17482994950062,0.0951581250759799,0.864444444444444,-11.8504237154157,-4.70753804047172,0.27733811,0.274340633
"PL21","POL",2008,17.8959247411173,20.8047926193603,20.7407591448709,12198.6310410453,18620.8518559021,18669.7969841638,142716,18808511,18665795,2.22714598088457,0.0951581250759799,0.864444444444444,-12.5687268909765,-5.17991620815549,2.09165071886906,1.39236183847143
"PL61","POL",2008,13.3712513837685,20.8047926193603,20.6484437589447,16276.1466912557,18620.8518559021,18678.2172277562,447152,18808511,18361359,3.44932481297041,0.0951581250759799,0.864444444444444,-12.7811323158984,-4.32941465105587,0.24879807,0.105634542
"PL22","POL",2008,13.7239600501686,20.8047926193603,20.8171608687866,13811.0924402509,18620.8518559021,18651.609341591,119590,18808511,18688921,2.81948292346589,0.0951581250759799,0.864444444444444,-12.5106537498751,-5.0816123900279,0.0915611575948527,0.975185317899901
"PL62","POL",2008,16.7666840414874,20.8047926193603,20.7009874501186,14037.3651730016,18620.8518559021,18684.6429588633,257784,18808511,18550727,2.76358894935193,0.0951581250759799,0.864444444444444,-12.7469562526702,-5.26342848689231,0.31091448,0.26766208
"PL41","POL",2008,12.1368913109409,19.6504837298089,19.5488440845682,16379.3646823511,17573.4951598625,17605.0782906967,528319,20584568,20056249,3.51907359373759,0.0951581250759799,0.864444444444444,-12.365543204225,-5.6145320160838,0.217888128,0.152694141
"PL63","POL",2008,16.4799966989365,20.8047926193603,20.7943675251829,16214.0592670513,18620.8518559021,18655.1180708493,264515,18808511,18543996,3.00240539841985,0.0951581250759799,0.864444444444444,-12.7751398128437,-4.53117264065339,0.59673078,0.34039418
"PT11","PRT",1988,7.65007844648607,15.5723933027292,15.5222838785192,7406.70646765797,14000.6410411656,14030.6335263002,43530,9474120,9430590,1.07154514773293,0.0455495798319328,21.555,-20.9680043046546,-4.56538702653619,1.03651239,7.374809
"PT15","PRT",1988,8.59884105311936,15.5723933027292,15.5711975244829,3610.9714305973,14000.6410411656,14005.8001266901,4750,9474120,9469370,1.87505070425625,0.0455495798319328,21.555,-32.8714133468679,-3.6541027237295,0.61464472,0.30537376
"PT11","PRT",1998,10.1477465067869,17.3640319681449,17.3643135026444,6336.75152577464,17568.2510524263,17581.7722573482,29266,24366807,24337541,2.12849281697531,0.0513900889096413,18.172,-42.3424986940904,-3.73258354549037,0.9278229,7.2002266
"PT15","PRT",1998,4.41158528406384,17.3640319681449,17.3624414454059,4697.24068799378,17568.2510524263,17570.2337484965,3759,24366807,24363048,2.87358808642222,0.0513900889096413,18.172,-89.5423617253024,-5.25393427324493,0.63431107,0.23466595
"PT11","PRT",2008,36.9459788711525,17.9085065008641,17.8822086025148,8231.52518986138,17687.7279924803,17720.8319400068,64797,18478707,18413910,4.24804514078336,0.0580741724204737,14.9466666666667,-38.3163486679132,-4.28522911269493,0.92930336,8.1397602
"PT15","PRT",2008,9.72102942213252,17.9236482381858,17.9218716291125,8460.58549353795,17730.3313182124,17731.5483939529,2443,18455475,18453032,6.146356637736,0.0580741724204737,14.9466666666667,-50.2541962837555,-5.15770914281563,0.63113192,0.26457738
"PT16","PRT",2008,24.790358148061,18.0124188233013,17.9504168677211,16378.5591938933,17504.8648214129,17509.105842324,68096,19023632,18955536,5.31311723958909,0.0580741724204737,14.9466666666667,-38.4644652950592,-4.10606861901219,1.4148813,4.7963975
"PT17","PRT",2008,8.17056220973553,17.0400078523373,17.0327182785818,22739.8719356768,16744.7588829808,16741.2497443086,11370,20231532,20220162,4.36470439801991,0.0580741724204737,14.9466666666667,-55.2610305803281,-3.66930185759305,0.061957219,1.51758119
"PT18","PRT",2008,16.1548694184736,17.1665066955375,17.0482197222255,13060.4384024919,16564.9658369757,16598.9788543115,195071,20799689,20604618,7.38293700867021,0.0580741724204737,14.9466666666667,-42.921663095699,-4.44331569525491,0.29960325,0.63250352
"RO11","ROU",1998,7.96378033706173,18.6493310918712,18.6441061205113,9095.45642300845,18633.4657628084,18727.1009126278,328904,33819108,33490204,4.23234441298435,0.0262680698556069,21.741,-13.8454297275248,-4.94468365842631,2.8619762,2.2753932
"RO42","ROU",1998,6.88909744781323,18.6406311707741,18.6409311861831,9494.02934474315,18222.0196395105,18328.5664443876,430606,35468696,35038090,3.88664427936047,0.0262680698556069,21.741,-15.344323146085,-3.74380809068548,1.2037999,0.4895521
"RO12","ROU",1998,8.42733412636624,19.8884850981982,19.8956197632724,11553.7434063774,18644.3653969809,18704.5410717876,265360,31770298,31504938,3.88785363187847,0.0262680698556069,21.741,-13.3058741033231,-3.75058847987306,4.0810112,0.90551555
"RO21","ROU",1998,6.246656726695,18.6493310918712,18.6238038251379,8005.81321613108,18633.4657628084,18768.0910738954,421270,33819108,33397838,4.63484530152972,0.0262680698556069,21.741,-14.7046171598286,-4.6173700059057,1.3612403,0.55964459
"RO22","ROU",1998,4.07409148637121,18.6493310918712,19.1548000712773,6330.20740171491,18633.4657628084,18964.6304356892,884980,33819108,32934128,3.67318859588129,0.0262680698556069,21.741,-19.0691202627728,-3.82600529559795,0.59940574,0.37552674
"RO31","ROU",1998,3.18195932076689,18.6493310918712,19.1663795028914,6954.16605735953,18633.4657628084,19017.812721745,1075938,33819108,32743170,3.45351657029009,0.0262680698556069,21.741,-18.8009396517561,-3.02046418417827,0.87677072,0.45379838
"RO32","ROU",1998,2.89026235866164,17.4667732987594,17.493454613851,7943.77436520075,17649.0990228843,17664.0523647046,48754,31877078,31828324,3.4879816527626,0.0262680698556069,21.741,-18.0647699229664,-3.26342232019328,0.0096761925,0.0590938025
"RO41","ROU",1998,2.50025347498329,17.3815930195413,17.6219372623797,6771.54204589623,17555.9432553122,17751.644230027,576247,32176577,31600330,2.42310127471026,0.0262680698556069,21.741,-18.4057406520742,-3.08389549952936,1.7062531,0.5070471
"RO12","ROU",2008,7.61266917910864,17.884346961472,18.0340391408336,13227.4099786482,17359.6204530619,17413.1972141136,305130,23728228,23423098,3.66372407069048,0.0344505998244416,22.8333333333333,-19.4133259941437,-3.98928256834558,3.9577251,0.95004319
"RO21","ROU",2008,4.84487350252232,17.9609785378087,18.9988451569068,11476.3230990198,17220.8823385898,17428.2226592068,835884,24212965,23377081,3.87920288880615,0.0344505998244416,22.8333333333333,-23.2788909145862,-4.61964621170347,1.2669607,0.45196406
"RO22","ROU",2008,5.35618028598521,16.9308600556972,17.5865603894671,10358.0355707651,16106.1009430709,16522.021452991,1581273,23359740,21778467,4.62140399609561,0.0344505998244416,22.8333333333333,-27.7620117772476,-4.58707355211407,0.57168785,0.32914955
"RO31","ROU",2008,7.02747555349654,16.9308600556972,17.6518377189377,11971.8011311177,16106.1009430709,16415.0083201169,1633005,23359740,21726735,4.40413301468568,0.0344505998244416,22.8333333333333,-28.5475574568077,-4.51053237381415,0.72173387,0.49999146
"RO32","ROU",2008,7.94494259437079,16.8419662126419,16.849339196578,10861.0815585154,16332.2798274099,16343.675912094,47781,22592846,22545065,4.45927706735786,0.0344505998244416,22.8333333333333,-27.020612720404,-4.29595004055726,0.0137048091,0.0486219781
"RO41","ROU",2008,4.38334475779794,16.9308600556972,17.7020217965737,11052.9655321481,16106.1009430709,16315.1360345452,929469,23359740,22430271,3.54844713244205,0.0344505998244416,22.8333333333333,-29.6231364483729,-3.56401539406572,1.5079776,0.41742248
"RO11","ROU",2008,6.74617455223286,17.9609785378087,18.1732145602294,12471.3568628971,17220.8823385898,17317.8263207777,486747,24212965,23726218,3.70218389650547,0.0344505998244416,22.8333333333333,-18.1317888876637,-4.89391578959231,2.8795562,1.91799435
"RO42","ROU",2008,10.0371589860285,17.9609785378087,17.8808438566749,13181.7299261784,17220.8823385898,17337.9493596435,692951,24212965,23520014,3.68357513386275,0.0344505998244416,22.8333333333333,-28.543494079759,-4.03724716956744,1.1403697,0.49246933
"SK01","SVK",1998,6.96078916579178,17.4892728647084,17.5068101725748,11792.3387375451,17497.146018876,17504.0780005673,38720,31997844,31959124,4.05767552996266,0.0548848735507492,8.44,-20.5833720516495,-6.34494746772588,0.33879642,0.065023082
"SK02","SVK",1998,7.48522021378549,17.4383651756558,17.6305347592818,13521.9467941368,17119.1896607665,17171.7556508992,485280,33647432,33162152,4.15700967157739,0.0548848735507492,8.44,-18.0972979675807,-6.58660730260918,0.87363921,0.28199805
"SK03","SVK",1998,7.6984995950859,18.7501307678487,18.7828014652677,21014.443851995,18731.5995335103,18722.140383733,136660,33519609,33382949,4.93260248157352,0.0548848735507492,8.44,-14.9192126889698,-7.98540449662402,3.0317756,1.87895316
"SK04","SVK",1998,9.64209573363489,17.3815930195413,17.3959219717358,15759.9240665133,17555.9432553122,17568.3066942761,223630,32176577,31952947,5.05089789433795,0.0548848735507492,8.44,-14.6606614296636,-9.03765601591346,3.4354238,2.18972979
"SK01","SVK",2008,5.74257759529721,20.240735363079,20.2717072298023,14250.4641862079,17676.4788209333,17682.3374159256,36758,21650636,21613878,4.72211709572247,0.076771949693675,5.02,-18.9884169302538,-6.04570774799198,0.24875781,0.0444591564
"SK02","SVK",2008,6.59180776368283,20.1344666907762,20.601249236007,15657.3052123989,17578.7425609538,17621.4625843363,474659,21855716,21381057,4.60767600988467,0.076771949693675,5.02,-18.3795199778963,-4.74582531435106,0.71552879,0.312468022
"SK03","SVK",2008,6.70226618597143,18.297382050102,18.3656085301781,11861.1994116635,16585.6952584632,16607.2667492007,91886,20312674,20220788,3.2840245670031,0.076771949693675,5.02,-16.4279118607855,-5.20617143227656,3.2047496,1.71161766
"SK04","SVK",2008,5.48680782529159,27.4364651878903,27.4794704943105,9494.35315631686,17058.8090950058,17123.7176126934,47984,5599557,5551573,2.41938690936693,0.076771949693675,5.02,-16.7153455490054,-5.82602400424584,3.4361614,2.62403191
"SE11","SWE",2008,7.95981729432553,18.549618791066,18.5517451696573,14977.7605124291,17234.4856452688,17237.9113065862,27961,17955286,17927325,2.57889164886939,0.0664340670127998,5.17777777777778,-7.57509384932007,-5.74371629641758,0.112529735,0.1081005363
"SE12","SWE",2008,9.82171587496165,19.2082346635964,19.3158869882821,17095.0250870888,17548.5973697621,17555.5941141631,300814,18543916,18243102,2.83522589992352,0.0664340670127998,5.17777777777778,-6.91647782671214,-6.99527679577524,0.34048808,0.28779859
"SE21","SWE",2008,10.5403592511623,19.2289368881512,19.1945543287194,16457.9090457471,17552.2344584947,17556.6101688439,76708,18536617,18459909,2.9614896027384,0.0664340670127998,5.17777777777778,-8.69780188833869,-8.79318180126129,0.40408217,0.81399952
"SE22","SWE",2008,17.8560291195979,21.2996366780517,20.998253937204,24482.0653379164,18882.8278735127,18799.819823304,282582,19389842,19107260,4.06050249460862,0.0664340670127998,5.17777777777778,-9.74353651144157,-8.09692026812374,0.032769169,0.45375301
"SE23","SWE",2008,14.4988733502996,21.2996366780517,21.2732677537274,17739.6207983327,18882.8278735127,18892.5992460208,168961,19389842,19220881,2.8542780641821,0.0664340670127998,5.17777777777778,-7.25587185285544,-6.89443179142872,0.40138219,2.2244512
"SE31","SWE",2008,13.6456491591715,19.2289368881512,19.2291306577679,12103.8472621989,17552.2344584947,17564.9090146822,43078,18536617,18493539,2.42096776688262,0.0664340670127998,5.17777777777778,-5.00181050333378,-8.19355334917915,1.1859914,0.60904643
"SE32","SWE",2008,7.16948720347992,27.9554350881244,27.9894566121458,8639.2648371787,17452.4964047893,17461.3481239343,5400,5387178,5381778,1.24065325704687,0.0664340670127998,5.17777777777778,-2.87395925253039,-12.8403407271523,1.1881695,1.04992592
"SE33","SWE",2008,5.59580843745749,27.9554350881244,27.9734928958,8164.10186934611,17452.4964047893,17473.001644351,11971,5387178,5375207,1.29552964994695,0.0664340670127998,5.17777777777778,-2.09693485521259,-7.90731144897197,2.9988427,0.9724515
