"Country","timePeriod","stability","yield","diversity","meanCropland","meanNitrogen","meanIrrigation_share","instabilityTemp","instabilityPrec"
"Afghanistan",1968,9.82615256122735,3924571.54697724,4.56969995020687,8030600,0.00265270340945882,6.333,-15.7364752126081,-4.44135947929578
"Afghanistan",1978,68.5026456770965,4252333.39117093,4.85462959154708,8051600,0.00522225396194545,6.756,-31.9071459584322,-5.83911381552122
"Afghanistan",1988,18.6773262870579,3890825.7422404,4.50584879723042,7922200,0.00347921032036556,8.107,-33.5500418657753,-8.79636746270624
"Afghanistan",1998,6.23438295445074,4543996.47129341,3.88114597221814,7843000,0.00202699094734158,8.469,-24.4725033253805,-6.06757586731082
"Afghanistan",2008,10.8347486752583,5995604.12161671,3.98401904855179,7910100,0.00567441246001947,8.46,-34.4396693936417,-1.60634003423781
"Albania",1968,18.9342061963602,5514227.24140292,8.56667941031149,631500,0.0514330958036421,26.294,-36.3868101117669,-6.88027778340914
"Albania",1978,15.1658427993694,7525315.11759698,9.42367064717279,707400,0.101639807746678,34.547,-35.4423731004615,-6.77309426123288
"Albania",1988,8.37131124574818,6946358.54147253,8.91297382984077,703900,0.0436709759909078,33.154,-28.2160249027633,-8.81033731062804
"Albania",1998,31.8352254534029,8551153.52336296,10.4257181296976,695500,0.0370012005751258,31.082,-35.4255723275901,-11.3358952011203
"Albania",2008,20.1371783140828,11822512.0516732,12.9120559086194,696400,0.0497017288914417,28.79,-32.9882643386067,-4.62749173527638
"Algeria",1968,6.11231040565587,2073138.41935218,4.82508956154397,7155100,0.00735332839513075,0.545,-38.1093205991534,-5.35162551535614
"Algeria",1978,7.53982198530767,2237991.08939666,6.51110418756778,7497600,0.00995251813913786,0.724,-32.4282347886512,-4.6243997776535
"Algeria",1988,5.34280761493209,2842521.31677977,8.44322883103421,7914800,0.00568555111942184,1.277,-27.4967690422398,-7.15203948166083
"Algeria",1998,9.64819026354995,3801801.36718203,8.30680648724112,8259870,0.00502414686913959,1.873,-42.5171852695326,-6.49649945340913
"Algeria",2008,7.00843110901621,4838881.44494713,9.21081982538991,8429932.61,0.0071708995547949,2.97333333333333,-48.0704234965382,-7.97214570818441
"Angola",1968,22.8974755212083,2666032.51599544,7.02627763621332,3396000,0.00205241460541814,0.133,-72.1523685220249,-13.9745495168644
"Angola",1978,25.6115011681392,2410576.3850593,6.49807618070589,3400000,0.00192085294117647,0.14,-72.0338730342334,-14.9979174008722
"Angola",1988,10.7540805563403,2731930.08762003,5.59441602629735,3465000,0.000932092352092352,0.14,-74.5217258362083,-10.2774311868078
"Angola",1998,16.9274207692255,4726403.69243812,6.5841973461464,3494000,0.000962736119061248,0.145,-61.831355832928,-10.8694509918138
"Angola",2008,17.9660082291191,5924557.15336774,7.63068343227323,4833000,0.0039902962962963,0.15,-41.477375633024,-7.18450715717268
"Argentina",1968,16.1021332293414,5863866.99442433,9.34853319973137,26713700,0.00148033780419785,1.047,-47.7969865538925,-8.97927715815915
"Argentina",1978,14.0637669040579,7137197.17202774,9.76469795602015,27574500,0.00265411158860541,1.13,-44.3467430946769,-14.3753885845434
"Argentina",1988,15.1687892474085,7684453.01708687,8.62719163053022,27860200,0.00824545408862822,1.183,-49.5640563897943,-7.68857633992112
"Argentina",1998,17.6152050609317,9766996.48095952,6.09115973765956,31186300,0.020380202204173,1.27,-47.0183583678266,-7.01904871218787
"Argentina",2008,10.6457392759368,11097777.9684152,5.2121563536915,39256800,0.0195723510831245,1.55333333333333,-55.4107004622948,-5.39507683755812
"Australia",1968,8.40146785256414,4534590.60620112,3.78455050178041,16783354.53,0.00970487751473364,0.303,-50.4607039125933,-5.69691825455882
"Australia",1978,6.40448840148002,5079535.15548466,4.05187896958635,19328700,0.0148916016079716,0.342,-52.0978250100704,-5.40741189223388
"Australia",1988,9.14611540916546,6230645.42747998,5.60887751944226,17990800,0.0317201013851524,0.455,-56.0634815652476,-6.4262145784619
"Australia",1998,5.12209370802162,6310999.40059741,5.63278437947481,24170000,0.0400918494000828,0.557,-72.9504367777189,-5.3004620998582
"Australia",2008,11.6084729342891,6793287.45348337,5.45140922237906,29869100,0.0357619997254688,0.642222222222222,-48.9837655356226,-6.20245454164831
"Austria",1968,26.5890805224244,13239243.2006943,8.04830175617557,1647400,0.0784098579579944,0.123,-36.2851773225545,-7.66998029077252
"Austria",1978,16.2963989108333,15788582.6688502,7.87214779447942,1577300,0.097097952196792,0.84,-18.5839808720078,-8.16909312177521
"Austria",1988,20.8957434891741,17245132.0949484,10.1901787596675,1505400,0.0853992294406802,2.73,-13.631737868569,-13.6823405278645
"Austria",1998,17.3044004382783,18656734.3799838,10.4116446296949,1456523,0.0916921325650196,3.497,-20.0366852922067,-8.62724493546486
"Austria",2008,12.6726949793261,20432124.7207618,10.7673992084835,1419776,0.0717711103723404,4.15555555555556,-20.7710296621553,-7.96693782401854
"Bangladesh",1968,25.0269743491695,4999136.64639077,2.38113187634542,9269800,0.0131708774730846,12.566,-148.507612947044,-8.11184536922129
"Bangladesh",1978,38.5080519799434,5686567.72545706,2.90119104741206,9412300,0.0351385846179999,17.619,-109.8227941801,-8.04211713330732
"Bangladesh",1988,32.8854925218224,6842097.59502984,3.04549408396421,9199500,0.0819526930811457,32.899,-88.2584952351903,-4.3730360006928
"Bangladesh",1998,35.8086910957674,9062186.63630104,3.01701017373349,8758400,0.115003550876872,48.575,-98.1216158206002,-5.71164379787051
"Bangladesh",2008,52.4585997166583,11448181.3920298,3.19657341103825,8573878,0.141012375030296,58.0288888888889,-86.7767731636785,-7.30877292625659
"Benin",1968,26.4582520623089,3758016.84462263,8.41730714635289,1368500,0.00103880160759956,0.18,-86.2645524783964,-7.30599626014209
"Benin",1978,15.3821688686324,3937751.08240634,8.05030491283488,1631000,0.00138663396689148,0.454,-74.300627866071,-8.18180459346382
"Benin",1988,51.7501440751165,4323304.55952222,9.72480840642793,1871500,0.00440122896072669,0.422,-138.886682262484,-11.1217767819628
"Benin",1998,25.7278353499861,5030638.67041114,9.93132212011012,2759300,0.00381832348784112,0.435,-154.994528507385,-9.44301259484654
"Benin",2008,18.5174059536175,5460356.78431193,9.54546291069428,3250000,0.00201552523076923,0.637777777777778,-164.985650294372,-11.4222224740961
"Bhutan",1968,618.442351130853,4257923.58455559,7.40160477413452,126800,0.000294952681388013,4.959,-88.6782722252551,-11.599850192875
"Bhutan",1978,27.8157866072251,4227749.66589384,8.26798923179945,154800,0.000671188630490956,6.542,-102.57204043311,-8.19684632050941
"Bhutan",1988,15.6888200837064,3814187.92089922,9.97906025325408,159500,0.000626959247648903,5.336,-77.4114373518654,-10.4478345793982
"Bhutan",1998,6.34405526849009,5236296.33293829,12.4593913181129,154800,0.00312855297157623,4.848,-69.941197281849,-15.9816641720103
"Bhutan",2008,17.0058093279255,6959689.46247564,13.9517879740021,111480,0.00792948510943667,6.11666666666667,-51.5372473324279,-13.8012367310058
"Botswana",1968,2.97310425948565,1775548.61387108,4.47555967378654,401600,0.00277913346613546,0,-42.3246557662185,-4.61461434139169
"Botswana",1978,7.29384354413757,1360338.08461517,4.9198819125981,405800,0.00119640216855594,0.009,-32.9858078572189,-6.98186408295763
"Botswana",1988,5.59017669737365,1472647.05497327,3.92576031433221,353800,0.00317184850197852,0.009,-42.7324866950427,-4.06809626412124
"Botswana",1998,2.78551472529917,2165023.54107131,5.59253926465553,232150,0.0172819297867758,0.01,-33.6906582183865,-4.84938526533643
"Botswana",2008,3.55539684635473,2014368.97221718,5.42341425249902,294020,0.0618963940472681,0.01,-29.8842128736195,-4.93541911118811
"Brazil",1968,46.4314137419229,5124118.66875648,9.8706238551581,41042700,0.00881771423419999,0.466,-66.2364688515653,-15.2887858743647
"Brazil",1978,21.5933519933932,6009081.83860194,9.639801949563,59281291.5,0.0132424999546442,0.809,-116.557012401845,-16.0979131800816
"Brazil",1988,27.3327341942771,7839726.42353632,9.34232586286586,53946900,0.0189474316411138,1.067,-84.5282187423852,-15.0192376467613
"Brazil",1998,17.4329382046003,10060056.9492098,8.55942667840706,57183100,0.0367586629091462,1.472,-79.6173693867758,-19.181119101801
"Brazil",2008,26.0122940849568,12955323.6039607,7.01931155819508,62214906,0.0598687422592907,1.91666666666667,-76.6031129467967,-15.6576856034294
"Bulgaria",1968,12.8082598196443,9560482.82930321,9.11358407589291,4463900,0.0801918949797262,17.562,-24.5114745550782,-7.68945501770121
"Bulgaria",1978,7.87250970755822,10857721.6603734,8.897978983465,4170900,0.114521685967057,19.503,-48.8417578612556,-7.45829101450642
"Bulgaria",1988,6.69738154642648,9033015.54355684,8.00119362189348,4256200,0.0671486772238147,16.886,-19.1970133051262,-7.17787183911823
"Bulgaria",1998,5.79299717174346,7931147.4236269,7.28210171699209,3575800,0.0542405895184294,6.771,-21.6911606372799,-4.475473779316
"Bulgaria",2008,14.8945644989879,11755383.1895111,6.04122189712981,3496337,0.0847964312364626,2.40333333333333,-28.8469144944542,-4.47560386447077
"Burkina Faso",1968,10.8771262824253,1818763.84019567,5.33274996969408,2377200,0.000298754837624096,0.072,-89.8335521497531,-11.5631736229968
"Burkina Faso",1978,15.446622370673,2233149.83680854,5.52202715816926,2910500,0.001408967531352,0.131,-77.292729259304,-12.442034774411
"Burkina Faso",1988,11.1837324281094,2697667.93781264,5.92179057514306,3559500,0.00315210001404692,0.232,-115.486733712619,-7.98739273828527
"Burkina Faso",1998,18.3800739714585,3121539.42395046,6.52861494946617,4560000,0.00418447368421053,0.295,-95.4225683684647,-9.32897298069458
"Burkina Faso",2008,16.6779926854286,3318044.86525266,7.73440563174753,6051000,0.00750010675921335,0.433333333333333,-151.011758605793,-12.6817432497798
"Burundi",1968,36.960899609442,4065432.78264701,8.43794359154124,1203900,0.000319877066201512,0.718,-68.3862622612722,-13.8499425862232
"Burundi",1978,26.9435233590652,4102005.44444916,8.90219887078541,1255500,0.000654241338112306,0.683,-97.0006429437132,-14.3894799338841
"Burundi",1988,33.3403000324287,4324917.20903196,8.8674013484832,1299000,0.0009364896073903,0.811,-38.7810884281414,-10.220618051901
"Burundi",1998,14.7588770509851,4151303.78344827,9.18785877489589,1323900,0.000818264219351915,1.214,-41.0861656659998,-10.1963491453333
"Burundi",2008,9.22233450232031,5042588.0941559,9.53352458907209,1460000,0.00289269726027397,1.19111111111111,-25.1849544074599,-12.78398283665
"Cambodia",1968,13.3772430740515,3605994.82671842,1.97597880772258,2212300,0.00063219274058672,3.362,-101.675490208525,-8.86892853960651
"Cambodia",1978,10.7259334314972,3262911.02144478,1.93373272487859,2268000,0.00119488536155203,5.168,-167.76140081602,-4.40346614521763
"Cambodia",1988,14.5637062976449,4223778.48049176,1.94341274093886,3789600,0.00159383576103019,5.684,-188.455104936798,-4.65454529844197
"Cambodia",1998,13.6473247522999,6111243.23202459,2.19370694250175,3846600,0.00140277127853169,6.075,-72.9311898677449,-4.80361941683588
"Cambodia",2008,89.9776598506987,10048520.5724785,2.69385289980939,3968300,0.0113262860670816,6.51666666666667,-74.5150433516533,-9.13771259706067
"Cameroon",1968,28.1235374915533,2913245.66752518,12.9725904163917,6198000,0.00147182962245886,0.097,-113.317911552742,-15.8456360159078
"Cameroon",1978,31.0177489745663,2966354.49241966,13.2841153885781,7025300,0.00287355700112451,0.191,-91.6686932273454,-14.3323863643016
"Cameroon",1988,22.1998398838191,3613955.27117151,16.0909912886671,7168000,0.00197794363839286,0.256,-105.071460260582,-27.7842253432905
"Cameroon",1998,14.4538558098335,4495212.07426236,19.1750043872187,7180900,0.00325484270773858,0.286,-71.5092161885099,-12.9426360856756
"Cameroon",2008,72.2580132734308,5599087.47086602,17.874659010467,7652600,0.00432055223061443,0.302222222222222,-93.3468947651887,-10.3688926658829
"Canada",1968,13.2500442133925,6717998.88764284,5.42734832293291,38884110.25,0.0116371982563237,0.971,-6.81658647540349,-16.3587485804454
"Canada",1978,13.2854677602845,7487491.57013823,5.16952705851666,40898089.2,0.0263699361289476,1.423,-4.58671581919784,-22.2724636909503
"Canada",1988,12.175839545927,8003129.76403753,5.48740213127322,41376372.7,0.0334675301298221,1.571,-5.32841975785927,-12.4951349150327
"Canada",1998,11.2194840378632,8871960.73514842,6.77922906835589,40421816.08,0.0407265694530368,1.748,-7.10941677804991,-10.2342349018576
"Canada",2008,16.1846934420392,11183390.8535461,6.35692905463601,38165010,0.0620208381970816,1.86,-5.365355296794,-10.5732088066287
"Central African Republic",1978,28.4933101071554,3016147.95504682,10.2260552141836,1964400,0.000502392588067603,0,-103.627937218523,-23.5542481157304
"Central African Republic",1988,30.9786934714571,3367459.72196193,12.6314111956744,2015100,0.000253486179345938,0.013,-70.1955081080339,-16.328338790668
"Central African Republic",1998,48.9435249483016,3522148.80766751,12.3499983543877,2016500,8.47151004215224e-05,0.02,-92.2181403979431,-13.1344378760648
"Central African Republic",2008,11.6381507388682,3543854.14188664,12.2951234395791,1908000,9.68223270440252e-05,0.02,-88.3580509271432,-11.3915262420372
"Chad",1968,12.4600210062996,2007991.61335653,6.00869109300707,2953000,0.000716356247883508,0.02,-81.9462496369806,-10.7085017237972
"Chad",1978,11.361717916467,2258089.9454211,7.61729040509568,3161500,0.000654752490906215,0.027,-83.1444681104124,-6.92674309122211
"Chad",1988,13.8477247855847,2468922.00922952,7.62085793159765,3383000,0.0009596807567248,0.036,-85.1324382331866,-8.49103363892256
"Chad",1998,15.2654505729083,2746950.27261668,7.57669282141811,3800100,0.00287459540538407,0.057,-74.1394297211538,-9.10418716564759
"Chile",1968,12.065781609762,6298135.54304202,8.43273212187036,4212600,0.0103111854911456,7.675,-32.2315350161949,-6.38753755570469
"Chile",1978,16.6596637069588,7847231.72377917,11.1763993962118,3812100,0.0206444741743396,7.416,-34.1870471186264,-6.27908037176832
"Chile",1988,26.8585578504473,12284413.2720482,13.5363871379009,2744100,0.067595860209176,7.167,-38.5758193371021,-5.05921778524786
"Chile",1998,16.5598558701501,14451380.1221657,14.4007778276358,2001300,0.125334432618798,7.11,-37.1243528545045,-4.78895447364297
"Chile",2008,17.0293985194185,16089252.3136012,17.3212390115376,1751900,0.175344298190536,7.03777777777778,-40.5702045321557,-7.5210079732065
"China",1968,32.951855984125,6573350.79465126,11.9466841022778,101788100,0.0398337330198717,12.067,-38.9122942653671,-17.0168465836384
"China",1978,22.9844828091735,9407417.00428287,12.7297408607642,111955300,0.115185346294459,10.911,-62.306204664636,-15.051937391909
"China",1988,43.9753837942519,11281275.5476132,15.2005677073759,131168100,0.157352359300775,9.931,-40.7883912759817,-13.3213670621846
"China",1998,30.4299681722854,12105551.6519338,18.494448949794,126612500,0.198315016882219,11.322,-54.0327357561159,-13.5650138737256
"China",2008,90.1838684754163,13963349.8130815,18.165269597685,126492370,0.238778401543113,13.2111111111111,-65.8055706976676,-10.9124563264951
"Colombia",1968,23.7598447134477,5587155.02180339,11.137510008371,5078100,0.0197797010692976,0.628,-59.0482391162874,-15.4647010544525
"Colombia",1978,46.2029853461815,6813826.07615928,11.4307671742406,5234400,0.0328643397524072,0.952,-83.2420863415208,-18.7680197656283
"Colombia",1988,48.0546446178932,7862004.84134652,12.6548340149728,4738600,0.0557970708648124,1.69,-92.1280614549206,-10.3244354968661
"Colombia",1998,27.9309865691593,9867675.01924499,13.6725164223721,3916630,0.0998500241278854,2.138,-76.1848170578725,-13.2460931754529
"Colombia",2008,38.4647410766178,10719052.7795319,14.5721943558294,3519740,0.163344985709172,2.45222222222222,-55.1220670465834,-5.81480401447366
"Congo",1968,19.3918019670963,5266301.04266941,6.97742899465943,554000,0.00300992779783394,0.015,-91.8878124929535,-17.7917368453512
"Congo",1978,17.0065483570012,6140213.33310869,7.06219877141903,544200,0.000812201396545388,0.02,-102.722189840259,-13.4717006549324
"Congo",1988,32.6274853861238,6442537.78486744,7.87133893838114,528100,0.00201628479454649,0.02,-167.629000581612,-13.7782270321647
"Congo",1998,41.0284042640977,6906895.33651375,9.35382667879636,543400,0.00218048398969452,0.02,-81.8120260514857,-9.89665652521827
"Congo",2008,61.3278726124209,7232471.92000241,9.74796611052168,602300,0.000684496098289889,0.02,-87.570612127747,-17.8532983577394
"Costa Rica",1968,21.5897922593892,6791433.24765567,8.74750472679613,492700,0.0663844124213517,1.548,-59.8821728734445,-9.1948514033543
"Costa Rica",1978,22.9854804173882,8283311.69018241,9.98447981866831,513800,0.0925613079019074,2.616,-57.2567239319848,-11.8693205038632
"Costa Rica",1988,38.8835958514483,10249528.0947651,12.2891876067506,508300,0.136527641156797,3.93,-79.1713569127508,-10.7971869175667
"Costa Rica",1998,21.001093121566,11707291.4959106,13.2584413089824,495500,0.144161983854692,5.575,-64.2147655300658,-14.5056732011835
"Costa Rica",2008,26.3780478212482,12784410.8190922,12.8998298439277,546450,0.148929638576265,5.66111111111111,-75.6767636900204,-11.9311566911064
"Cuba",1968,7.84555215440334,10025658.5408969,4.03783844995104,2882400,0.0544615598112684,9.597,-115.514276252329,-7.47916656785569
"Cuba",1978,15.8313030655668,12333757.0166765,4.23532716790119,3465000,0.0818468975468975,13.138,-147.926688225951,-7.09082392258732
"Cuba",1988,9.18027847702262,9332753.01228967,6.14419340147053,4010100,0.0476646467669135,13.107,-81.5723360664865,-12.3311216957003
"Cuba",1998,10.569952376697,7250053.24681161,11.0147558082873,4129100,0.0153565425879732,11.502,-75.6019650398631,-8.65479671706472
"Cuba",2008,9.51727058550355,7656809.45586505,13.0673849592679,3653480,0.018322354577006,8.73777777777778,-103.177416675527,-13.9391158738841
"Cyprus",1968,4.04023803695025,3074861.28474188,10.1646168398318,315890,0.0381594858969895,9.909,-53.0812318952745,-3.90412378701621
"Cyprus",1978,12.357882816388,5008317.53091368,9.55198053256615,168680,0.0590905857244487,17.624,-44.3894341323256,-6.15536412078089
"Cyprus",1988,4.94396210887709,6340075.90185119,8.09596428559653,150050,0.0881886037987338,24.745,-42.4131497128136,-2.91578827061154
"Cyprus",1998,5.18660411008379,5388465.58587658,8.13251956032411,147990,0.056811946753159,29.098,-65.6700997602759,-4.23705106624027
"Cyprus",2008,3.97856812003224,5119050.60904184,10.8226982891884,115105.6,0.0639004531491083,39.6022222222222,-56.8540589277099,-3.63407919518284
"Democratic Republic of the Congo",1968,107.186807593602,4811909.85128162,9.20462336023501,7358000,0.000471717858113618,0.01,-111.897300286718,-25.2574716852557
"Democratic Republic of the Congo",1978,71.0020367294162,4922487.0992676,8.96384582328277,7697000,0.000459685591789009,0.028,-132.180400209456,-33.6938846406604
"Democratic Republic of the Congo",1988,72.4114953197513,5117878.98574069,8.6594967411711,7814000,0.000337445610442795,0.04,-132.862537957943,-16.9400442470302
"Democratic Republic of the Congo",1998,196.067163209331,5107013.90626579,8.45194434923896,7475000,0.000155198810850985,0.04,-80.8326971715507,-16.0020472358339
"Democratic Republic of the Congo",2008,30.3578111866439,5168221.62866912,7.89674098686209,11162100,0.000775702063231829,0.04,-39.4615738089725,-23.4268080899317
"Denmark",1968,15.3575624913122,13309778.4026041,3.00001734836391,2670400,0.118827067106052,4.918,-28.0626998660409,-5.74956500277973
"Denmark",1978,10.7596473100726,15153123.4881111,3.30464334575902,2630000,0.146873802281369,13.721,-13.5388267117759,-9.87761876441211
"Denmark",1988,11.9954643354541,18806323.790148,4.24639958546511,2475000,0.136492929292929,16.458,-13.1398931533831,-4.05915298054246
"Denmark",1998,34.0149215939213,20253455.896224,4.30742021983386,2310300,0.0898841708868978,16.795,-24.1285029751388,-7.17311726740742
"Denmark",2008,19.7641891559234,21601382.397524,4.75793899849461,2426476.9,0.0829695926633384,14.7022222222222,-13.2112074628637,-12.977210653342
"Dominican Republic",1968,18.8088845488551,6611685.62351099,11.2525849088804,1200400,0.0245998833722093,5.492,-93.3359318397032,-8.66447311741764
"Dominican Republic",1978,17.6232081828173,6959079.81968866,11.6725039569569,1419400,0.0216713400028181,7.034,-101.849092859594,-7.15383513840107
"Dominican Republic",1988,23.5996737937267,6047785.94385247,13.0701990952923,1365900,0.03276008492569,9.324,-52.8124045346827,-5.43922113158425
"Dominican Republic",1998,16.5173941055381,6836056.76545311,13.6267640621036,1265200,0.0377168827062915,11.424,-78.1228545551686,-5.73288400972209
"Dominican Republic",2008,28.5064170096741,8367900.45238952,14.4972038959026,1173000,0.0395158286445013,12.9088888888889,-115.52735092293,-5.35189681061639
"Ecuador",1968,23.7936236724913,5058261.70012022,14.2289157012439,2564400,0.0107895024177195,9.736,-59.4043972685059,-5.14067157919886
"Ecuador",1978,20.064983560174,5145128.03787665,12.9845178620757,2612500,0.0147162488038278,9.64,-46.8644936762189,-2.28338590532279
"Ecuador",1988,34.1886954037753,5388707.89733472,12.9244640667196,2965100,0.0173088597349162,10.465,-59.9365224862632,-5.07013197744236
"Ecuador",1998,19.0492868254207,6972826.00313933,13.9777878928876,2674400,0.0450341758899192,12.491,-47.235522499686,-8.95638861385948
"Ecuador",2008,11.0074193437591,9595880.46033169,13.6292870532097,2517230,0.0656875049161181,21.8711111111111,-57.6473687517318,-9.50161898085104
"El Salvador",1968,15.4219267401546,5178687.0136012,5.94291274999562,667300,0.0886743593586093,2.128,-75.1018109450347,-10.8855497723663
"El Salvador",1978,13.751740605384,5615651.91812515,6.00860692731141,759600,0.0746603475513428,2.701,-68.7932806445701,-12.7881438387241
"El Salvador",1988,13.5570243399468,6314702.45176111,5.7501359948984,827500,0.0674874924471299,2.96,-97.8420123284011,-6.25328788236468
"El Salvador",1998,26.7749613106463,7704725.22539167,5.61297752755442,905000,0.0567990055248619,2.955,-79.9934318783785,-8.28668045387312
"El Salvador",2008,20.9377024881227,9057526.58197403,5.45597818266302,926100,0.0711457207644963,2.88777777777778,-44.8426639400988,-7.22902073411773
"Ethiopia",1968,17.3428671872711,2550829.28226087,12.8716940476849,13538000,0.000417875609395775,0.264,-61.5175710887597,-27.6403350392752
"Ethiopia",1978,8.77026568092998,3375034.10905455,13.8929836657753,13073900,0.00106281216775407,0.276,-58.8346610816885,-14.5053290918618
"Ethiopia",1988,12.7043258955869,3711323.6683864,13.4566625053289,10987400,0.00379417332580956,0.62,-48.6977736606427,-16.0354827402398
"Ethiopia",1998,16.3462947589357,4042499.77592087,12.8125657843718,12054440,0.00646485444367387,1.149,-107.029095833339,-12.5205053275128
"Ethiopia",2008,27.4965249138665,6250751.81156875,14.0167165649919,16359630,0.010092521224502,1.96777777777778,-60.6804269102134,-23.3507243853322
"Fiji",1968,15.7786571472318,12452097.7593327,3.78380075782383,151400,0.0464636723910172,0.425,-71.15533888419,-5.25336614238153
"Fiji",1978,5.9917242958915,12722837.4781436,3.25830358076362,185000,0.0552972972972973,0.316,-129.411475105817,-6.59332320719963
"Fiji",1988,16.5159516724188,10244463.412824,4.17167316582024,251600,0.0405405405405405,0.51,-90.3794015071643,-10.4626203085762
"Fiji",1998,9.46368703791691,9451237.10402614,4.42945308233883,253100,0.0228573686290004,0.816,-122.612759762272,-4.30856564223964
"Fiji",2008,18.4825899092225,7866337.24260998,5.78649849941247,250560,0.016382658844189,0.938888888888889,-91.0936407088105,-4.46933692940054
"Finland",1968,11.6894945140466,8766419.35650614,4.38289018130107,2517100,0.070266695800723,1.056,-4.28193814982989,-6.12730852401103
"Finland",1978,6.55899624020156,9546865.7519147,4.3839699952027,2329490,0.0861116381697281,2.198,-4.7070444097431,-9.18201878747772
"Finland",1988,10.7492500498412,11569872.935524,4.58572042247795,2235060,0.0839994452050504,3.243,-7.01192606134,-14.5857369720354
"Finland",1998,12.1373774052513,11100286.6153909,4.68317221107422,2215830,0.0782884968612213,3.938,-8.0021808856296,-8.23872337332219
"Finland",2008,16.9122001838275,12336291.8499942,4.7968180911921,2249370,0.0707520327914038,3.40666666666667,-6.18598458286672,-8.42589183156279
"France",1968,12.6168537048914,12263481.0189069,8.88726231205344,18910600,0.0835150127441752,2.884,-49.6590949775625,-9.87194417676602
"France",1978,20.3983566419732,16055385.0414944,8.67470998637437,19088300,0.119648161439206,4.68,-21.6749494290271,-10.6573842937159
"France",1988,35.97663482287,19283967.8653368,8.66738205628362,19171180,0.127477807834468,7.447,-19.9792576003798,-8.1501581761426
"France",1998,17.7375437414607,21057203.9889642,8.36040049379793,19466620,0.120653020401076,9.028,-40.2318330199209,-9.41532924872158
"France",2008,16.1771796428102,21639622.2112854,8.24767065916944,19338961.1,0.108617866758106,9.60111111111111,-19.6738932206916,-9.82641931666219
"Gabon",1968,46.312849024821,3583266.91931898,8.57684695433928,329500,0.000265553869499241,0.08,-95.0691448395938,-13.6700146089985
"Gabon",1978,49.4952555428192,4147428.15136967,8.80855077779738,451500,0.00106201550387597,0.08,-80.9779296315756,-8.56298516757531
"Gabon",1988,30.131910968588,4682781.64865938,9.30900227843138,468300,0.00035575485799701,0.08,-132.238219530898,-12.9272179375332
"Gabon",1998,69.8159523635409,5034978.82983385,8.81950661108952,495000,0.000826666666666667,0.08,-79.0142462809115,-8.8310920572925
"Gabon",2008,92.1638400171235,5001053.58344949,8.84264946000574,495000,0.00452466666666667,0.08,-57.4990766078397,-10.1973686728225
"Gambia",1968,14.8904058814138,4548022.20887556,4.81096139037013,150700,0.0016635700066357,0.182,-59.5141919960655,-4.93269147822078
"Gambia",1978,11.2529104680071,4428853.25941608,5.14901264931324,180900,0.0072603648424544,0.172,-75.7540039556897,-6.3333117393551
"Gambia",1988,10.2206619939517,3826529.19577504,5.79165432776015,189600,0.00153902953586498,0.301,-119.12161953392,-7.5038984217839
"Gambia",1998,7.95144120097414,3790895.83027396,5.30033637617256,288100,0.00474449458135678,0.402,-99.729382898531,-6.79236411422858
"Gambia",2008,14.3809472910341,3256411.94010671,6.0273243911023,439000,0.00169831207289294,0.764444444444444,-128.425062332876,-7.37670062834367
"Germany",1968,16.1407270250863,13331206.2624452,8.0320292147774,12478400,0.143695425695602,2.287,-41.3970516700471,-5.59331769795724
"Germany",1978,23.2517781371239,15911570.838785,7.77346524171552,12474000,0.176998877665544,2.533,-17.4279401702989,-8.61641007754436
"Germany",1988,31.6917881236743,19045229.277866,8.53578758993953,12084300,0.153665168855457,2.765,-14.7429975138344,-10.1877029647312
"Germany",1998,15.0011937636997,21573620.0344775,8.05048619059863,12055700,0.150491037434575,2.948,-31.2565636495647,-5.79710078109182
"Germany",2008,18.7417169598851,23683344.1114569,7.543421017591,12056300,0.137352081484369,3.96,-18.124818475761,-10.6822898490668
"Ghana",1968,26.9390657260282,3094886.58678603,9.68923866886081,3340000,0.00136820359281437,0.05,-91.2178303715102,-6.67571718881542
"Ghana",1978,33.8678104813825,3334801.08618161,10.9954044280588,3790000,0.00210395778364116,0.05,-76.2215569897557,-8.59513196696628
"Ghana",1988,13.8187960834685,5036461.67347852,12.5768094243566,4484000,0.00137914808206958,0.052,-170.744077133883,-10.8719399847825
"Ghana",1998,30.4879223540522,5396766.80632658,12.1462218016607,6442600,0.00189805358085245,0.201,-111.871594206155,-12.0336851093773
"Ghana",2008,40.0083653539971,7202470.00166059,12.126316620523,7374000,0.00501594846758883,0.223333333333333,-91.7959907749111,-14.1518153993864
"Greece",1968,12.1851989596128,6780513.50603974,10.0149711328861,3890800,0.0603273105788013,8.964,-32.6386780631507,-5.7423977490484
"Greece",1978,9.96296868637575,9319773.05193367,10.1127895644891,3933000,0.099440350877193,11.152,-58.0643942070673,-8.34881746512325
"Greece",1988,14.3163732844978,9396439.73401015,10.9973315325104,3926500,0.0938418438813192,13.367,-29.1442541369435,-8.41592956827264
"Greece",1998,26.2099827263311,9640808.77068079,10.132476347601,3810700,0.0636045870837379,17.691,-41.2426725753733,-7.49316976710922
"Greece",2008,36.5776822876198,9617015.58063553,10.9185858328938,3517800,0.0511656432997896,21.0588888888889,-40.6816642000071,-6.52333873062164
"Guatemala",1968,17.9784775717606,4627120.55098949,5.62942114626452,1608300,0.0195741466144376,2.273,-58.587296668245,-10.3057434969456
"Guatemala",1978,29.8079961510358,5824537.86878121,6.62387235659393,1766700,0.0333276730627724,2.826,-104.05637184744,-13.556486322207
"Guatemala",1988,27.0009784954678,7370644.64364106,7.84834188637237,1845500,0.0534080195069087,2.796,-92.1238730675676,-9.70502239787408
"Guatemala",1998,38.1718212812015,9151396.82834259,9.11267257897795,2182300,0.0557806442743894,5.512,-78.3204924926188,-10.2341411208327
"Guatemala",2008,34.1624063422903,10701092.5380697,9.05333401285967,2102890,0.075346989143512,8.59,-56.7069841552897,-11.308127716282
"Guinea-Bissau",1968,30.5120632041375,2686876.06373681,7.17562343947916,292600,0.000210868079289132,1.236,-75.3772397822613,-5.62808243600773
"Guinea-Bissau",1978,7.18805384383901,2891397.65986603,8.48431292738225,326100,0.000806194418889911,1.208,-106.761962181972,-8.51875235406752
"Guinea-Bissau",1988,19.0212753252955,3617968.62735812,8.9362288787476,383700,0.000404222048475371,1.26,-112.995037382296,-12.1951782176125
"Guinea-Bissau",1998,19.4459695334768,2784665.09672024,7.01250443433882,523000,0.0011472275334608,1.534,-80.7084466183831,-7.85415741403775
"Guyana",1968,20.7482424852593,10168934.4059743,2.99735359127833,383100,0.019546332550248,8.478,-89.9656178137933,-10.2257184206032
"Guyana",1978,24.0189494277852,11992750.6314853,3.44594513169213,493700,0.0178140571197083,7.524,-50.9772384819248,-10.241895500634
"Guyana",1988,41.2538669218372,11798219.5193339,4.50775026108783,503200,0.0216760731319555,8.48,-80.6753657874361,-8.09381151411469
"Guyana",1998,19.0683053410257,12365252.2432141,4.87239076449733,474300,0.0241317731393633,8.67,-124.976009451863,-7.64262872749711
"Guyana",2008,14.0126442377142,11384869.482284,4.38221858570127,454000,0.02565309030837,8.53222222222222,-120.186984411838,-6.21532343557034
"Haiti",1968,32.8970950818546,3849747.90529276,11.524537838266,1131300,0.000523115000441969,4.003,-92.8319565312862,-8.92271420533806
"Haiti",1978,29.4691621709491,3497686.92749414,14.0641992733706,1099000,0.00158325750682439,4.686,-77.2131119365749,-6.62215893494686
"Haiti",1988,70.7281473475966,3380198.43748166,14.9418135809006,1106000,0.00338417721518987,5.712,-54.9997945792894,-5.45310043872171
"Haiti",1998,45.0373859377408,3305662.05602451,14.8740367010884,1201000,0.0057826810990841,5.633,-68.2492389864399,-5.84588628382005
"Honduras",1968,17.0060053717077,4881720.48483827,5.44993668111056,1596100,0.00808846563498528,2.133,-60.9346292556025,-6.8416726777404
"Honduras",1978,21.8564974116172,5762122.35088114,6.15906929154117,1769900,0.00837968246793604,2.019,-114.914381132899,-7.7421766693857
"Honduras",1988,20.9822818051986,6087742.31607095,6.19218485632022,1889200,0.0182027313148423,2.104,-97.2331792675078,-5.80358773534957
"Honduras",1998,31.4305408540999,6635199.98183982,6.63184807721822,1523300,0.0559571981881442,2.597,-80.3845336953852,-6.49361403673951
"Honduras",2008,33.5959639017048,7916042.52612973,6.61451897201181,1556600,0.048232159835539,2.78222222222222,-68.9265892023869,-7.57138285131409
"Hungary",1968,16.3714586517228,10465312.469559,7.15153795953584,5540000,0.0820099458483755,3.754,-29.0387339708406,-6.04481736157241
"Hungary",1978,16.8344176987445,14416303.879493,7.84524925897175,5314300,0.111084771277497,2.669,-20.7935413392255,-8.49486165673978
"Hungary",1988,6.7563467357313,12950103.2910719,9.4005066091209,5118200,0.0646651947950451,3.34,-17.8665975994376,-8.66990477085791
"Hungary",1998,5.44746078233135,13401834.2034004,8.37821761024408,4847400,0.0621487807897017,3.434,-17.8675101420073,-5.64181655921673
"Hungary",2008,7.94044823206995,15323443.9638084,7.73549483963454,4579800,0.0712867155770994,3.40666666666667,-31.8003816378853,-4.09231466330538
"India",1968,24.7894996294708,3360776.07233336,13.7222851804156,165714600,0.0117031329768168,18.842,-91.8916650160458,-6.8195655101363
"India",1978,25.2399949524996,4099980.89989853,14.380835636019,168839900,0.027635351596394,23.628,-93.7960043145727,-9.228318659967
"India",1988,66.4821694563335,5455844.85321746,15.5451114573492,169978900,0.0515791077598455,28.173,-119.946677562636,-9.49394949022115
"India",1998,30.5193791655039,6236118.51701611,16.0810373947778,169816900,0.0702714176268675,34.604,-174.760885045242,-11.105772801844
"India",2008,36.8433439952062,7297812.45751211,17.1744379951192,169436200,0.0978707501702706,38.3688888888889,-68.786159503881,-8.939709994223
"Indonesia",1968,60.6688349430448,6360581.74020503,7.13882169303716,2.6e+07,0.0111633153846154,10.218,-174.742311778876,-8.8861411861898
"Indonesia",1978,58.9731797185538,8445544.9985138,7.97914933886306,26947700,0.0392139663125239,10.528,-136.582372912947,-12.383155439001
"Indonesia",1988,107.314739803115,10121535.2312612,9.20314145575548,30958700,0.0541191975115234,10.325,-234.574850490031,-5.35246455476925
"Indonesia",1998,60.7167605793039,11939721.840016,9.68065027652331,38279900,0.056736292414557,12.218,-131.117441001415,-7.62626614147505
"Indonesia",2008,97.9610922254066,14685648.6125597,9.22465325464803,46200000,0.0621998794588745,11.9544444444444,-131.383958055444,-8.15341441028535
"Iran (Islamic Republic of)",1968,16.7498522986125,3362847.99057737,5.22134340527534,16244800,0.00865812444597656,9.22,-25.7002909716807,-6.79174880287924
"Iran (Islamic Republic of)",1978,15.9354108327879,4030165.75450879,5.87229092131023,15298500,0.0279410268980619,10.079,-28.753551019027,-7.52592999270216
"Iran (Islamic Republic of)",1988,15.4372484683263,5147541.26752617,7.49616416144638,17863100,0.0370384983569481,11.303,-22.542853796688,-7.85619791453575
"Iran (Islamic Republic of)",1998,16.9630542347859,6662398.19393269,9.78432158352221,17736000,0.0564003008006315,14.184,-42.6903646264165,-7.31831908568382
"Iran (Islamic Republic of)",2008,11.8051562959995,6508257.41081141,9.61424962894608,16752300,0.0443041199118927,20.3622222222222,-36.2797575787701,-6.42159982399456
"Iraq",1968,6.46612664669157,3253420.47513031,4.42227102449805,5143200,0.00410899828900296,16.703,-49.8455193404221,-4.08912057227954
"Iraq",1978,12.2401103776018,2841135.40509858,5.1275485560761,5448100,0.0160510636735743,18.449,-38.8293846081419,-5.32730940416519
"Iraq",1988,9.90360366760904,3020004.35847305,5.81240455853028,5325000,0.0343704225352113,35.755,-34.4315042772022,-4.21786087689908
"Iraq",1998,5.46456514495452,3476261.69480288,6.49240644123148,4818000,0.0469186903279369,40.021,-53.7060193819665,-5.13390627411444
"Iraq",2008,13.2438169918199,6260626.38256026,6.86369232865016,4761125,0.0279266669117068,40.7544444444444,-31.8524572078299,-8.88069468415355
"Israel",1968,11.2746980301905,7367005.75884691,14.8029957758695,414000,0.0796205314009662,33.297,-74.9184179689062,-4.76497196756416
"Israel",1978,10.5817826680075,8385106.88069874,16.0592151333291,417900,0.10800981095956,38.773,-50.1068294920639,-4.28061998856001
"Israel",1988,10.4647664683102,8731496.48254744,19.7614040932883,428300,0.116553817417698,34.439,-50.8632982596188,-3.67699109981653
"Israel",1998,19.1793721133235,8839263.56225413,22.7090207839582,405490,0.123874818121285,39.852,-70.9803961299294,-3.43955001433148
"Israel",2008,15.8017948574372,9448054.9101855,22.273739255377,394060,0.111023701974319,43.0088888888889,-38.5351451752479,-2.51353415786435
"Italy",1968,41.5195250389201,7806240.98891324,11.2561525827218,13136200,0.0499456463817542,18.616,-68.7816584643356,-6.78519258281157
"Italy",1978,36.1869915664994,9696244.00717154,11.9019089772002,12292500,0.083346894447834,20.161,-28.3081648071196,-8.53236492395796
"Italy",1988,26.7101799840502,11186609.6192147,14.1778949816435,11483000,0.0770711486545328,23.194,-35.0397872165862,-8.70811383253216
"Italy",1998,15.5957616656878,12412252.2609392,13.9203807464264,10689900,0.0774977221489443,25.958,-39.2936726666793,-8.46624669940945
"Italy",2008,25.1674599582851,12236037.8025193,14.077625494103,9365427,0.0616691689551368,28.7166666666667,-43.1600057538092,-6.98931631957212
"Jamaica",1968,30.873662971623,9652335.37146604,8.98303645890781,252000,0.0345781746031746,4.712,-112.364020680859,-8.97887404234547
"Jamaica",1978,18.9549884983206,8526105.40964214,11.1392072974301,230000,0.0327282608695652,5.075,-67.742703240939,-5.64763937305197
"Jamaica",1988,21.9197432054508,8933287.51678287,12.7432018273092,245900,0.0375030500203335,5.14,-82.680479208709,-6.65975147980497
"Jamaica",1998,23.2928716441351,9154158.28062518,11.8593635095148,245200,0.0326174551386623,5.7,-103.027077596329,-7.32370366415614
"Jamaica",2008,28.3266050275206,9314089.77844434,13.4425656514883,216000,0.0203830509259259,6.81,-63.4936854230024,-6.71325202447749
"Japan",1968,24.497214494658,13200880.2651556,7.41136264258371,5675600,0.126774261752061,50.751,-48.4439648810039,-13.3145890712132
"Japan",1978,19.0722409058451,13637371.6290103,8.3455277677423,5418100,0.126985474612872,49.933,-29.0818491438323,-7.24836447065774
"Japan",1988,13.4600619915513,14204075.2710516,8.09175859906097,5139600,0.111989259864581,50.076,-20.8273534914694,-8.51873511397934
"Japan",1998,32.7591630988912,14809449.3877678,8.46762130618386,4762000,0.108343532129357,53.329,-44.1468548480437,-9.8758263278315
"Japan",2008,43.27482949432,14925016.0831563,8.50800372695186,4540700,0.0891388111965115,54.3444444444444,-68.4463632145258,-18.2916960530353
"Jordan",1968,2.51925302145247,1843590.28409495,5.66935992319702,319100,0.00590974616107803,3.137,-60.5752391275138,-4.89313206339696
"Jordan",1978,4.16290314482501,2213699.76985513,7.96525170108005,329840,0.0197859568275528,3.954,-34.7248136955788,-4.36905001008071
"Jordan",1988,8.22809544024542,3994884.25792591,10.0614538995298,296410,0.0307027428224419,6.309,-42.1568992293591,-4.22983211722705
"Jordan",1998,9.57131323386978,4731418.4461037,11.4382641959826,271830,0.104723540448074,7.627,-62.7123850726251,-3.99596212257754
"Jordan",2008,12.6390261931413,6054963.57139567,12.3760623126112,287716,0.0681237748335164,9.66111111111111,-31.1730402463036,-3.56246426801244
"Lao People's Democratic Republic",1968,22.4465699675797,3612649.86028497,1.79966148072559,723800,0.000284885327438519,2.046,-67.7206743417866,-13.3593771164689
"Lao People's Democratic Republic",1978,18.2016480582555,4668907.95969407,2.25236300605245,819800,0.00128165406196633,6.861,-111.748876327931,-11.4505592573487
"Lao People's Democratic Republic",1988,17.3440831111511,6188932.35417178,3.06768421821441,877300,0.00202576085717542,8.653,-163.989409092836,-8.49908443408035
"Lao People's Democratic Republic",1998,20.4109980393631,7806784.70665832,3.80652865564955,1123600,0.00374532751868993,15.099,-70.1404600386864,-11.4100940670056
"Lebanon",1968,9.71866326780388,4224180.66038051,17.7219507262758,330100,0.0625707361405635,12.496,-46.1897000326675,-5.35656832724322
"Lebanon",1978,16.0571115025546,4871100.39556772,20.5363757701446,302800,0.0492404227212682,14.268,-37.1438982872678,-8.64045089321279
"Lebanon",1988,19.1888891318093,6614199.91105635,24.4025125401687,308700,0.0517790735341756,14.78,-30.3368019855348,-5.6214240836533
"Lebanon",1998,15.6631071958612,6890733.12125532,18.9435484399496,278940,0.0739523123252312,16.57,-44.4402882322102,-4.60938226310063
"Lebanon",2008,25.0723293222941,6962524.28071881,17.8859190864126,256500,0.0708371812865497,15.8511111111111,-27.8768789634411,-3.60205442153151
"Lesotho",1968,2.91657921648845,2527700.55928116,3.33635884053084,357600,0.000421420581655481,0.04,-23.4436039247879,-5.53583931378187
"Lesotho",1978,6.549790886492,2935225.11826858,3.19106353716686,300900,0.00132934529744101,0.045,-25.2060808363072,-6.9809830340213
"Lesotho",1988,4.81259084842881,3140524.86415944,3.04395775309137,327000,0.00330030581039755,0.106,-30.1488607962694,-4.15627002415848
"Lesotho",1998,6.18529583208412,2869431.39330066,2.92256998448448,321100,0.00933743382123949,0.13,-32.3150966311277,-6.00323602761574
"Liberia",1968,62.0233034826794,4047134.85103963,5.52591336967449,571900,0.00404109109984263,0.08,-100.931807011958,-7.98168532080081
"Liberia",1978,46.482849701971,3850910.48111969,5.6796486160211,584300,0.00267944549033031,0.08,-94.1069894908033,-11.6159580547149
"Liberia",1988,24.2246345397692,4002992.21457877,8.58499245819018,522000,0.000344827586206897,0.112,-225.538856916917,-16.5724644811467
"Liberia",1998,26.5043646391571,4314935.21777473,8.38105490483206,605000,0,0.112,-97.629383472291,-9.14788463002714
"Libya",1968,3.68923246677286,1443148.26589079,3.47395819666035,2040400,0.00435100960595962,1.383,-62.4994836014511,-3.91765511314229
"Libya",1978,6.26593117358468,2120592.8445759,5.02214013837437,2102700,0.0133241071003947,1.829,-83.7124233983854,-4.83756916705387
"Libya",1988,40.5143300202547,2675537.89258991,9.12832937806286,2205200,0.012801559949211,2.963,-61.4372831310919,-4.81268348632325
"Libya",1998,22.969990238998,2648873.94612926,8.45066662060402,2124000,0.0139453860640301,2.883,-59.7575069251657,-4.982998338004
"Libya",2008,77.5573713695714,2467932.23605181,7.54584150016696,2058200,0.0123505976095618,2.60777777777778,-53.0420263821962,-3.67217187423274
"Madagascar",1968,36.9779898522279,4551595.88001157,6.68444489144338,2521700,0.00195510964825316,1.127,-60.1142821441187,-7.70404939405629
"Madagascar",1978,46.1101642014701,4409757.7336106,7.21919720145752,3118500,0.0015035113035113,2.05,-82.163548983837,-7.11197435376986
"Madagascar",1988,83.9594815156529,4884262.94966972,8.08848813840263,3403000,0.00148701146047605,2.934,-112.184312959151,-9.85524074584109
"Madagascar",1998,18.0267076937712,5492191.72838056,8.14901550075087,3549000,0.00115261707523246,2.687,-147.53940235039,-6.36297102864931
"Madagascar",2008,39.4374947934388,7512219.19637476,9.7772043780993,3600000,0.00203830694444444,2.62222222222222,-104.026841340839,-12.1416951709249
"Malawi",1968,16.1280945833827,3499644.93030691,5.4226518244306,2018900,0.0051063945713012,0.224,-79.0386055259647,-7.93477721291287
"Malawi",1978,40.9149821378928,3788558.2941789,5.55532258980433,2147800,0.0103341558804358,0.447,-55.2513614694146,-6.78162578782986
"Malawi",1988,5.42381748241092,3646590.12720302,6.015059301702,2408800,0.0145160660909997,0.668,-73.5992075034525,-5.14502191108238
"Malawi",1998,4.63188813566761,5222996.58590486,7.07215708459595,3056000,0.0177464659685864,1.252,-50.3046940271109,-7.18348286183566
"Malawi",2008,9.93436642304872,7113570.23027957,8.11738850419714,3747500,0.0213699906604403,1.30444444444444,-44.4938994846932,-13.1285924145849
"Malaysia",1968,35.2549116822427,9662873.28635664,5.09757220708808,3868692,0.0196352410582181,6.831,-133.799757438441,-11.3400360213455
"Malaysia",1978,16.1729383467087,15024289.5686684,5.36038702805773,4946705,0.0333919245234959,6.354,-132.396914792357,-10.2521039508693
"Malaysia",1988,18.5929348972625,17902891.0742755,4.31722123124701,6543820,0.0427105268787956,5.181,-168.070786400646,-8.63865538725895
"Malaysia",1998,29.9941428031921,22170620.9134095,2.82481470481459,6752975,0.0713442741902643,5.286,-107.575911766969,-13.2520087899418
"Malaysia",2008,18.8710843437983,25801534.0716505,2.21350280196193,7616867,0.0600177615022029,5.34777777777778,-86.2794497963308,-10.560801514874
"Mali",1968,12.3125543200993,2696323.07839984,6.99240631870327,1842600,0.00178101595571475,0.19,-79.6731736419016,-11.7461887667633
"Mali",1978,7.56209958732475,3105670.8608742,6.79829267080794,2088200,0.0038465185327076,0.19,-66.3820930241779,-8.13038356374559
"Mali",1988,7.82721168367546,3011861.89919929,7.23201838717658,2986100,0.00404206155185694,0.237,-117.099619638834,-9.07391734531975
"Mali",1998,10.4397581123734,3420954.27453768,8.03578082997991,5235700,0.0102207202475314,0.658,-78.0541237579347,-9.21422515206975
"Mali",2008,10.4596664288444,4670671.19394134,8.21398594004676,6555440,0.0175693765788414,0.887777777777778,-106.232466483839,-9.65152255400191
"Mauritania",1968,4.47514707424885,1256033.18131933,4.0779241585166,235000,0.00171574468085106,0.076,-70.3276486250905,-4.53460870708496
"Mauritania",1978,6.6557330746958,1629074.24283956,4.40551344000204,263100,0.00307487647282402,0.093,-61.3595772280455,-6.77777142468163
"Mauritania",1988,11.2575967824697,2308988.48105661,4.43489152654256,443000,0.00820835214446953,0.105,-104.030902651993,-5.92909860704364
"Mauritania",1998,10.4009217490448,2215132.45540745,4.64733156184574,443000,0.00400677200902935,0.11,-94.407423743999,-6.09353571197252
"Mexico",1968,38.7614566772331,5798151.07052344,7.29076007627895,19459100,0.0286970363480325,4.186,-86.4978295392852,-16.2821243198108
"Mexico",1978,27.3220137555759,7500475.35234406,8.78153466208011,20073700,0.0549059515684702,5.025,-111.228219967823,-7.8202834150339
"Mexico",1988,27.492204650662,8260779.87444923,8.0551992080226,24285700,0.0499170293629584,5.592,-96.6006308249986,-14.3379593625263
"Mexico",1998,103.02935658317,9523508.26664956,8.54172937327727,25691600,0.044809050428934,5.915,-106.98004883287,-5.56869892350495
"Mexico",2008,31.9410672017133,10942203.0215058,9.56654517511287,23995900,0.0506479645689472,6.07888888888889,-77.3983580240113,-13.3761770339536
"Mongolia",1968,3.83827791731873,2575036.61228133,2.23997007749171,828500,0.0016173808086904,0.012,-1.94411122459709,-5.56451677552144
"Mongolia",1978,4.71198726714385,3284371.42490176,2.38653626324914,1260300,0.00773625327303023,0.039,-2.25993359121586,-9.2718382183778
"Mongolia",1988,11.334344288997,3103737.25175004,1.79029159894539,1339100,0.00458516914345456,0.066,-4.03229542559892,-8.56803813403633
"Mongolia",1998,5.02432180772433,2649488.41391171,2.01464410395896,873700,0.00504246308801648,0.066,-3.74974493890867,-9.81225195348132
"Mongolia",2008,4.47139484004845,4456016.668156,2.01691338367936,620220,0.0290461755506111,0.0711111111111111,-3.32074863671936,-8.12104971016422
"Morocco",1968,5.33912045581594,3200191.20948928,6.28572606503928,7697600,0.00721122167948451,3.777,-38.775849309392,-5.11166091504295
"Morocco",1978,4.67749138467755,3332755.34328457,6.73813441220787,8333700,0.0126593109903164,4.211,-45.0303478195004,-5.83663058418909
"Morocco",1988,3.08865164905708,3861115.51992118,7.4453162464855,9600700,0.015509879487954,4.114,-33.4942429443849,-3.89619884046201
"Morocco",1998,3.29442166801498,3583342.07372295,7.04724307125072,9378600,0.0259662422962916,4.745,-72.5910518418069,-5.9352507621495
"Morocco",2008,5.09643386906816,4900835.73859875,7.25126293138647,9167920,0.0250857893611637,5.01888888888889,-39.5321877201377,-4.37609520497832
"Namibia",1968,90.0783076494297,1976697.14588081,3.29393500583577,652400,0,0.01,-46.1978307366066,-4.50327402443479
"Namibia",1978,29.6464605429171,2003002.9827647,3.31266757663477,659300,0,0.01,-36.1415993423604,-6.88756096536183
"Namibia",1988,5.48837040879278,1895840.81583781,3.22489420587074,722000,0,0.016,-49.2073215816614,-4.19211081841808
"Namibia",1998,7.54517159848788,2087379.8179844,3.19066742281875,818800,0.00126160234489497,0.02,-37.7522027039072,-4.3412556048256
"Namibia",2008,6.44919914993523,2279315.6738853,3.62476750542383,809000,0.0099081891223733,0.02,-36.0866752163012,-3.60487128710547
"Nepal",1968,31.1942485233833,4724409.42095156,5.89651665555847,2084900,0.00350664300446065,4.462,-63.811822225148,-9.92173380305458
"Nepal",1978,16.1821846243645,4433460.79677808,6.70662056841094,2314660,0.0107694434603786,15.175,-68.1771974121261,-13.0504206005068
"Nepal",1988,31.0493190395229,5091132.33024295,8.50182294306388,2376460,0.025305328093046,23.364,-74.7032650738526,-8.28540650412915
"Nepal",1998,42.6414082017916,6044843.86731242,8.89990661884823,2433310,0.0122208843098495,27.732,-94.2510332275317,-17.9854406337849
"Nepal",2008,33.7190711731786,7133937.88206185,9.95864834965493,2332510,0.0277015249666668,31.6333333333333,-40.4080881373581,-10.2001247698146
"Nicaragua",1968,55.7315831076608,4446701.49310576,6.23137550057742,1216500,0.0178092067406494,1.366,-77.0129671803403,-9.52972022272778
"Nicaragua",1978,26.4565818667894,5488827.43756248,7.83182867480515,1334000,0.0284985007496252,1.573,-78.6671877855047,-9.19634848398611
"Nicaragua",1988,29.6491567106149,5791616.00789127,8.10122750507433,1633700,0.0163570422966273,1.419,-66.8450452377374,-5.22356646383197
"Nicaragua",1998,27.9308637611151,6651264.4057393,6.73655978869499,2177700,0.0134885429581669,2.19,-86.1216317500983,-5.96477394529308
"Nicaragua",2008,32.4031744125146,7913612.79902891,7.32533270495915,1834300,0.0284330916425885,3.81777777777778,-72.7264486970857,-6.41584568797977
"Niger",1968,8.28510173423865,1294370.39018055,3.65035849142207,10789400,2.67206702875044e-05,0.06,-66.843143702756,-7.20000404699792
"Niger",1978,8.29402654964387,1245066.51578862,3.31452240809059,9846000,0.000149573430834857,0.095,-105.687232800054,-4.85992860377083
"Niger",1988,8.34999880280089,918388.333040853,3.38548087397826,12325700,0.000163593142782966,0.189,-79.8773347845062,-6.40086242997976
"Niger",1998,8.82174031865945,1138209.67787197,3.61474811922396,14165000,0.000201750794211084,0.187,-86.3751115312033,-9.29746368878786
"Niger",2008,11.4364967333491,1518917.69184143,4.04170299041869,16304800,0.000402605061086306,0.216666666666667,-110.548249903982,-10.042685514506
"Nigeria",1968,11.81226387114,3021866.23890609,12.1611160603746,31420501,0.000448223279444207,0.349,-99.642023053856,-12.9973622129156
"Nigeria",1978,20.4209534891572,3985153.82534812,14.8442216338515,24101900,0.00402042992461175,0.386,-114.981943663904,-9.43388443845059
"Nigeria",1988,80.7280067013514,4526444.44864808,13.9950376741428,35007400,0.00475299508104001,0.348,-103.560843570557,-21.1988507977021
"Nigeria",1998,29.8147639307972,4939610.34661092,16.2057561663958,41220000,0.00332081999029597,0.4,-82.4621106042855,-19.6422126525884
"Nigeria",2008,18.3492201994616,5175846.67399057,17.142338200638,40570000,0.00557068784816367,0.411111111111111,-119.627875085299,-10.9516524672896
"Norway",1968,8.23172207117903,11253458.2608198,3.48966179216388,805500,0.10675356921167,4.104,-9.11113602673266,-8.56495973266375
"Norway",1978,13.0810642874518,12821300.8068174,3.90521133973195,842200,0.130135359772026,8.582,-7.40718842305339,-12.4885156526663
"Norway",1988,8.0143745237109,12503587.5208286,4.26038253820062,908000,0.121621365638767,10.564,-8.03586767306643,-9.63469580927569
"Norway",1998,16.0268391811795,13176396.9835054,4.40740473633812,878040,0.117836431142089,12.041,-11.5137983818396,-11.187054386113
"Norway",2008,8.86394656366264,13805520.5013119,4.51467060532132,820268.21,0.118877336475102,9.21111111111111,-5.86999392262413,-9.43286346795036
"Pakistan",1968,43.3034200179603,3984243.71857384,7.76341607404193,30952500,0.0118607673047411,37.147,-60.4018768342516,-4.46637948639628
"Pakistan",1978,32.696719697671,4842252.47042936,7.90726511280715,31845200,0.030401938125683,41.559,-60.007723265477,-4.73867555938803
"Pakistan",1988,49.8860135807116,5737499.08323611,7.95825396676324,30747000,0.0547176309883891,46.879,-53.1889614237924,-8.01542107261154
"Pakistan",1998,31.7904372053934,7025079.51086802,8.13311014398063,31507000,0.0783292442949186,50.593,-72.4478473329929,-4.28270790534731
"Pakistan",2008,35.8206785487603,8347115.60697787,8.04290310848843,31036200,0.102837183675837,56.16,-66.7155415208966,-1.77931642507798
"Panama",1968,15.2868024854128,6587451.9570632,5.16027558244072,545500,0.0240604949587534,1.207,-87.2124379843525,-7.25554997282222
"Panama",1978,25.3811160382241,7783960.80885317,6.7655738879466,577500,0.024034632034632,1.481,-63.0694851540309,-7.51250690111419
"Panama",1988,26.3755742597844,7653447.41324205,8.7286235051909,653100,0.0322944418925126,1.515,-95.9791073331581,-9.22839247942935
"Panama",1998,25.7554524774729,7963345.09789548,9.28993507728067,700700,0.0237090052804339,1.551,-60.562226807615,-8.28360759081832
"Panama",2008,21.5861285105677,8654475.63421118,9.468622490979,744639,0.0229250321296628,1.42444444444444,-117.446328378813,-9.40921393804354
"Paraguay",1968,22.8998147022372,6556513.27896412,10.4254876441853,1034900,0.000851386607401681,0.408,-42.67058227738,-8.33354516786994
"Paraguay",1978,19.441922331759,6257263.88648049,8.63313883135856,1864500,0.00105465272190936,0.427,-56.5712748085963,-5.22554536570695
"Paraguay",1988,14.3546159291568,7718894.64123475,8.11177751126202,2408100,0.0032090860014119,0.379,-45.3644330702423,-6.29258631907974
"Paraguay",1998,12.5969627386422,8087082.34701479,6.54457308579527,3339100,0.0111815758737384,0.352,-45.9759726727151,-5.66293646821276
"Paraguay",2008,7.4295962929413,9727735.90171622,4.73490095661402,4603900,0.0222368305132605,0.544444444444444,-49.4134142233984,-6.64591254436706
"Peru",1968,50.797466019532,6289131.49498709,15.608414323657,3046000,0.0279004596191727,6.985,-33.3690234980136,-12.022035227293
"Peru",1978,25.4697890689807,6509792.1618218,17.62627478605,3640400,0.0245291176793759,7.937,-24.6566229347896,-10.8072039336308
"Peru",1988,24.1548789316239,7089058.23515604,18.9763956184561,4186990,0.0262773973666046,8.033,-24.4978689028421,-15.8429648722791
"Peru",1998,34.3904814234,8221442.24820864,19.3317640536928,5033300,0.0393898635090299,9.242,-30.7086359416037,-35.4421405138652
"Peru",2008,54.7719912032652,9572846.40078226,20.4351041177511,5180600,0.0503860743929275,10.6022222222222,-32.1181608101578,-14.7074253190768
"Philippines",1968,21.0062261490164,5003756.98284024,6.14293251218352,7924400,0.0169774493967998,10.587,-134.546101935915,-8.82001757954396
"Philippines",1978,24.1912569844473,5643867.81123575,6.40644698186658,9614800,0.024975974539252,12.305,-118.44168410136,-4.1323170237136
"Philippines",1988,27.2015666572781,6635563.91272716,6.94637098369159,9812700,0.0412100033629888,13.727,-191.260132159101,-8.47049751002121
"Philippines",1998,155.848458315232,7919032.60097414,7.30781884664028,9860800,0.051429143680026,12.28,-105.683245046157,-8.48479807454715
"Philippines",2008,48.7038762168637,9012992.30540213,7.29583525963279,10810000,0.0504539558741906,13.3444444444444,-106.060184961762,-8.28942439372658
"Poland",1968,17.3942718166897,9252645.23821491,7.72610779309143,15201300,0.066457967410682,1.782,-14.8029186661119,-6.24491054619801
"Poland",1978,13.6255920558834,9837093.33435354,8.70845598287274,14881100,0.0875700049055513,1.806,-13.6170831675001,-3.24302058173663
"Poland",1988,11.0979776197218,10201667.7859136,10.4071249247467,14625100,0.0641759304209886,1.307,-13.2237652415385,-11.1059817127323
"Poland",1998,11.7177379167772,10607163.8844158,10.9583250259675,13369200,0.069550025431589,0.622,-17.6830652171904,-7.37297138373148
"Poland",2008,19.2998881412077,12825723.4473854,11.8942140377338,11516200,0.0951581250759799,0.864444444444444,-17.4328026696,-5.53214073871184
"Portugal",1968,12.731937803835,3388546.73447327,13.1397860296635,3104100,0.0385930221320189,21.715,-46.2916495842907,-4.86095340434303
"Portugal",1978,12.0759477841125,3605097.49951916,14.5873951802359,3148400,0.044443018676153,21.769,-44.0133589532938,-5.20609260164871
"Portugal",1988,12.7465900916769,4477796.92688479,15.4811281194972,2975000,0.0455495798319328,21.555,-27.0541952631972,-4.1710279217694
"Portugal",1998,11.9456421234603,5271894.16937223,13.9331359245926,2276581,0.0513900889096413,18.172,-65.9001065744486,-4.14516375582919
"Portugal",2008,18.1399827283047,6349479.56236093,12.6134703466648,1842693,0.0580741724204737,14.9466666666667,-42.6562780413104,-4.47009401174315
"Romania",1968,10.3387669203038,7452040.5033593,6.56080417375087,10505700,0.0457075682724616,7.83,-20.9721445792218,-6.87225514466645
"Romania",1978,14.6467198126331,9208512.64726445,7.64214489901376,10562800,0.0764030370735032,17.297,-25.6883769510751,-5.0158186646046
"Romania",1988,7.56987784725634,8691977.87542728,7.60382503414197,10033500,0.0424378332585837,21.166,-15.3170368420226,-5.3877616182147
"Romania",1998,4.31444413528349,8354946.67132199,7.10037886431883,9654200,0.0262680698556069,21.741,-17.8625851208048,-3.74378279024765
"Romania",2008,6.7071128368318,10850001.6129403,7.51272293354821,9227700,0.0344505998244416,22.8333333333333,-31.1091070283841,-4.20303565806704
"Rwanda",1968,43.7350427391022,5426844.24880714,7.75607939933441,814500,0.00012780847145488,0.266,-80.9854601367013,-13.2751637776327
"Rwanda",1978,21.7439027816919,5531701.41471977,8.29656098420407,1071600,0.000475643896976484,0.227,-124.22406391331,-15.9188404731633
"Rwanda",1988,11.0687584558521,3754080.3588297,7.7459436328172,1092700,0.000322595405875355,0.288,-39.762158405032,-10.2492719099857
"Rwanda",1998,12.7184930821932,4030221.12066351,9.80717133414741,1271661,0.000555878405399622,0.505,-46.415032559829,-7.3137020440193
"Rwanda",2008,6.44950452586015,5279378.20634049,11.7170436521272,1393950,0.00281457441084687,0.528888888888889,-21.5856345720789,-8.69362975015075
"Saudi Arabia",1968,8.38035400396856,3757529.87546705,5.8038214712343,1556700,0.00205710798483973,0.431,-52.8353901192833,-5.18821299189169
"Saudi Arabia",1978,7.86757867957755,7280099.48551194,4.90446595300538,2288600,0.0431586559468671,0.909,-33.4025369380594,-2.53590788649112
"Saudi Arabia",1988,12.0984037122485,12162933.8187769,5.35170340259246,3624400,0.0634587793841739,1.212,-55.985471927918,-7.46798882081014
"Saudi Arabia",1998,36.2165372335696,11811476.7305548,6.25214102247065,3751200,0.0580976754105353,0.934,-141.028330887166,-4.99012670610455
"Saudi Arabia",2008,16.4392178865579,12541821.6389666,8.94741974402006,3488270,0.0463066219071345,0.93,-69.099951118976,-5.63957033377045
"Senegal",1968,4.44780601900424,2575741.3215614,3.86069579910899,3275300,0.0021240497053705,0.773,-51.8966154476943,-4.42765971969448
"Senegal",1978,5.31805207278653,2855476.35867802,4.05294735795682,3138200,0.00230386845962654,0.723,-75.312636455766,-7.12935882169743
"Senegal",1988,11.3215662978241,2959457.93016401,4.58827726655803,3115400,0.00274603582204532,0.828,-105.487926310851,-8.75563262037892
"Senegal",1998,5.67049332580575,3123963.27537324,6.06160529684082,3081400,0.00394177971052119,1.299,-94.8714650612306,-8.46922129931818
"Senegal",2008,10.1889610797797,3749534.43625365,6.0665212302332,3452000,0.00621121089223638,1.32222222222222,-136.248445584661,-7.88701199955004
"Sierra Leone",1968,22.5802149984391,4027341.76629782,4.6814870694793,472500,0.00153396825396825,0.362,-106.445894608329,-11.9777573575927
"Sierra Leone",1978,17.5515241005006,3783336.69172389,5.70123552575292,555500,0.00152583258325833,0.854,-115.90977398777,-11.2417412469952
"Sierra Leone",1988,53.1358485262332,3585103.52168558,8.01741654369358,614500,0.00122099267697315,1.014,-221.600913983865,-18.4015256366042
"Sierra Leone",1998,19.0297553200297,3600424.1623341,8.3133223122533,1145962,6.1084049907414e-05,0.906,-76.1296748535568,-3.49941819161572
"Somalia",1968,12.4325681122464,2198521.52141955,3.30062037959947,962500,0.00181194805194805,0.23,-93.0894134893532,-3.65479202738378
"Somalia",1978,10.9138286502749,2434306.08629352,3.63310014852852,1012500,0.00116740740740741,0.366,-94.1494772646534,-5.38838588395687
"Somalia",1988,8.36530989798787,2236448.71550175,3.91788726560973,1048300,0.000515119717638081,0.45,-92.2799347821035,-3.24188657429413
"Somalia",1998,6.82310506400798,2482102.42128631,4.3512697350399,1172400,0.00042647560559536,0.45,-67.8122557788089,-4.18721581288718
"South Africa",1968,6.86792107854943,5245209.08377744,4.81547594144656,12726700,0.0183976364650695,1.064,-51.6507960164519,-8.13033809634374
"South Africa",1978,4.42665708302182,6071426.71152998,5.03891647369921,12742000,0.0322331031235285,1.206,-43.4819975897903,-11.1653932695726
"South Africa",1988,4.70043970218796,6967387.37346859,5.62042387062535,13503400,0.0284188278507635,1.329,-48.5591736731396,-5.52172015507424
"South Africa",1998,13.2553263405048,9230576.69956686,6.37241913220982,13772900,0.0302683458095245,1.544,-41.0983597132402,-7.1483150117868
"South Africa",2008,8.53857601564857,12585805.9299936,7.40770943957606,12612700,0.0332547590920263,1.66777777777778,-34.5084301345096,-11.5151960373947
"Spain",1968,19.7137166074307,4951350.37469034,11.9017727927371,20801700,0.0331320997803064,8.265,-35.3932033044678,-5.61240127693073
"Spain",1978,6.89708675678192,5728862.74727445,12.2752643941225,20482600,0.0448920742483864,10.106,-38.2729540249136,-8.00692843534795
"Spain",1988,6.52946723476812,6221504.69399319,12.3501494520673,19700900,0.0516567567979128,11.501,-24.4040981290868,-5.13868749706822
"Spain",1998,7.95690270777038,7637118.21037482,12.649029722454,17983400,0.0599547582770777,12.892,-48.2354814284896,-7.70121191367787
"Spain",2008,8.63023270105653,8030406.93515355,12.7173009628911,17176706.7,0.0544051730242329,14.1311111111111,-30.1821886274392,-5.55014571139923
"Sri Lanka",1968,23.0558579487575,5084770.26036955,7.16915830745891,1917200,0.0278494158147298,18.439,-129.378511880082,-10.0549617357871
"Sri Lanka",1978,18.384739201329,6341709.12556561,7.41210365341261,1902600,0.047083885209713,20.673,-97.8724663343531,-8.07389174309847
"Sri Lanka",1988,35.7293564220264,6535769.10920127,7.66744329415491,1893100,0.0580953990808726,23.341,-153.627513948924,-9.65839234906877
"Sri Lanka",1998,27.5103987868895,7375376.26136966,7.25452774040086,1935100,0.0848826417239419,24.013,-117.758405560517,-10.6013052472582
"Sri Lanka",2008,12.5555023318289,8089510.33286864,7.13225383960908,2244500,0.0774964914234796,22.1655555555556,-114.637949190224,-7.26853570374273
"Sweden",1968,10.1512105529952,12035240.1802766,5.8474480273439,3026100,0.0780587885397046,1.09,-10.1761859757233,-7.34206689879972
"Sweden",1978,14.7050605151679,13329929.1154943,5.85620235034192,2946800,0.0845958667028641,2.329,-8.48705793884361,-12.2735074431374
"Sweden",1988,9.72078962104452,15041746.712648,6.39266777555119,2806600,0.0747364070405473,3.486,-10.4299106240499,-15.8526627226464
"Sweden",1998,21.8098973421248,16170483.6697877,6.20935357725199,2695200,0.0670579177797566,4.965,-15.1466148351962,-9.60400206367158
"Sweden",2008,19.0530946583548,17821688.4216491,6.19049592080932,2607860,0.0664340670127998,5.17777777777778,-9.13749735970698,-8.85291757534739
"Switzerland",1968,17.5716753268844,15109582.8610338,8.97261920364882,380930,0.107710077967081,1.504,-36.372484910989,-8.50683976411597
"Switzerland",1978,13.4758286369791,18147264.745206,9.25819160014973,412950,0.162344109456351,1.525,-17.8575007174151,-12.9360917132256
"Switzerland",1988,19.846059129239,20794522.975363,9.55129996240556,434840,0.148399411277711,1.619,-14.0487007428421,-9.65368460241501
"Switzerland",1998,13.745811941681,20878364.4049371,10.0231148208546,431860,0.11585953781318,2.797,-21.136355349056,-6.06551707279211
"Switzerland",2008,11.6406806080261,21655506.0082417,10.3700374486359,426703.05,0.114720241629395,4.02888888888889,-15.0819785141657,-10.0664560633773
"Syrian Arab Republic",1968,3.32871975809573,2546437.61162201,7.4559099242642,5812600,0.00636520662010116,3.846,-46.5746029634393,-4.1367833058927
"Syrian Arab Republic",1978,5.04355086391799,3203457.56999042,7.99591573273016,5665900,0.0190586491113504,4.196,-38.8166500215919,-7.40312207813223
"Syrian Arab Republic",1988,3.94733710868859,4134958.89323846,6.47704382396363,5516700,0.0349898127503761,6.714,-30.2610166591909,-3.47255671359264
"Syrian Arab Republic",1998,7.7638517784039,5322243.68948255,7.44511175233335,5514500,0.0434126394052045,9.586,-56.3242641630072,-4.9848613858707
"Syrian Arab Republic",2008,6.39314382431028,4429599.1940469,8.38004350079909,5713800,0.0166054868913858,9.58333333333333,-33.2774032788808,-4.12898847938783
"Thailand",1968,20.2042224104768,5808688.10174565,3.77423798838653,15229300,0.00513358460336325,13.98,-84.6237425446326,-10.2395688031325
"Thailand",1978,28.4225661167682,6741399.46072286,4.70744131829656,19083800,0.0117447730535847,17.033,-90.7126539746709,-15.9759789438868
"Thailand",1988,30.4668908037307,7719837.92780193,5.47455429104091,20391800,0.0317381937837758,21.643,-150.711839492707,-8.67383787490386
"Thailand",1998,29.188809125544,9360396.73079903,5.47969771747943,18963900,0.0567181379357622,29.809,-73.8496595422318,-8.59934471493731
"Thailand",2008,30.6393952104177,11111737.3538161,5.17449261233729,20745900,0.0724832196241185,29.8922222222222,-56.7894961279009,-9.34972196677049
"Togo",1968,10.5330914160217,4076032.82558032,9.3570604185106,1878500,0.00021075326058025,0.03,-93.8087949278259,-7.16504471595525
"Togo",1978,15.9502109987707,3542655.92483396,10.7191330391043,2052500,0.00101827040194884,0.124,-81.3184838425015,-10.4799877769157
"Togo",1988,16.8281830270081,3411343.72376423,9.803123831431,2261000,0.00256541353383459,0.214,-134.034725729343,-10.1232523532638
"Togo",1998,19.8534629635427,3971202.62610532,9.02399497039651,2473500,0.00263719425914696,0.201,-103.523074085144,-8.92731997115378
"Togo",2008,22.332268914557,4127595.41926571,8.49919156723263,2743000,0.00222721363470653,0.185555555555556,-179.332523450489,-11.6532769387439
"Tunisia",1968,8.86957290776024,1653554.96197167,6.10306276850923,4790000,0.00366741127348643,2.022,-52.4045650192977,-4.26168658539469
"Tunisia",1978,6.03530344661836,1775549.04869726,6.42984138689773,4885600,0.00744453086621909,3.179,-46.3399461504765,-4.11059771147159
"Tunisia",1988,3.03017186152771,2234083.05946805,6.9179853332071,4879800,0.00985579327021599,4.055,-37.4555578584909,-4.62760394142644
"Tunisia",1998,5.64974915443778,2458238.15014556,6.82820234281919,4942200,0.015835046537979,4.172,-50.2066530353392,-5.8603545011603
"Tunisia",2008,9.3131584886658,2661756.94455525,6.80929633862579,5041300,0.0182430513954734,4.65777777777778,-57.3711185366998,-5.4458120130638
"Turkey",1968,11.4206783710346,4707208.07017852,8.52809623262024,27707100,0.0138833151069581,5.175,-32.8423124643694,-8.89817764116006
"Turkey",1978,34.5652711853649,6064963.1456738,9.06518091932446,27789100,0.0323612675473477,7.987,-26.8866949693767,-10.7032598020781
"Turkey",1988,15.4730643322871,6562632.41215894,9.43182204397685,27482300,0.0416346157344909,10.308,-18.4741155641176,-7.61863794642852
"Turkey",1998,17.4006774121265,7534137.43163266,9.57091989740261,26307000,0.0510435777549702,12.29,-32.7137428193275,-8.80451731666498
"Turkey",2008,28.2785929300605,9315006.79108147,10.720621069294,23938600,0.0626829931574946,13.5055555555556,-19.5990870549222,-7.30875062008756
"Uganda",1968,17.744015973741,3555755.95084449,11.1857955642877,5191200,0.00046879334257975,0.04,-128.763590820571,-15.4465061059683
"Uganda",1978,14.614728580388,3873283.11711012,10.455347005395,6131000,4.65013863969989e-05,0.069,-89.3578530235944,-14.0309717235725
"Uganda",1988,32.4070291867085,4209371.36514253,11.3025963180735,6925500,7.00166052992564e-05,0.073,-77.3778238897397,-12.1646543785683
"Uganda",1998,32.8466976912889,4771221.2244917,12.5016370342053,7793000,0.000435762864108816,0.075,-65.8523447257729,-5.21075576481814
"Uganda",2008,43.906659020317,4391123.67858345,13.1814810505555,9005000,0.00082387418101055,0.08,-66.3045603816187,-13.7726346094994
"United Kingdom",1968,14.3990821594017,13329705.2748526,4.81917272965887,7153500,0.128595792269518,0.486,-36.3213683192969,-9.32976004139135
"United Kingdom",1978,13.7831074278218,17704780.7652423,4.58750797604383,6991900,0.209528168309043,0.803,-20.5018816682497,-24.0366608811222
"United Kingdom",1988,30.0069193555648,20160166.1479508,5.60156360083062,6435700,0.216169181285641,0.883,-18.812525368915,-9.56715061887076
"United Kingdom",1998,24.2207611720822,21703528.5442239,5.53822783927724,5936200,0.188588659411745,1.3,-40.7480085383956,-7.96103455606361
"United Kingdom",2008,14.7690265155139,22325708.0977341,5.52801943282039,6137583.92,0.166075122277106,0.696666666666667,-16.6402969937406,-7.84833664533708
"United Republic of Tanzania",1968,12.3256252462735,2936515.43989928,14.5068280022953,7800000,0.00135444871794872,0.171,-84.1534191679834,-8.36724328130415
"United Republic of Tanzania",1978,14.3052125361713,4055718.12374118,14.695291085147,9300000,0.0023910752688172,0.407,-83.2853949632446,-9.16743105419361
"United Republic of Tanzania",1988,11.2036034434313,4201569.36820167,14.9851569956667,9950600,0.00268117500452234,0.457,-74.8610930232591,-11.5849632330022
"United Republic of Tanzania",1998,7.94423073971614,3848766.3439867,16.6840686135998,10610000,0.00235725730442978,0.59,-65.1886595589936,-6.16727316628145
"United Republic of Tanzania",2008,13.2730553268841,4152384.72849549,15.8539744315596,14797440,0.00529370418126379,0.896666666666667,-143.437993219505,-16.0256702596827
"Uruguay",1968,12.5600890346438,3798027.79563515,8.42394764872084,1775800,0.00825999549498817,0.342,-62.6918367505143,-7.54392442237902
"Uruguay",1978,12.973010283591,5403089.64519231,10.7249291384704,1415500,0.0128435181914518,0.576,-43.9610025604043,-8.69860996193357
"Uruguay",1988,15.488073660218,7683963.10165556,10.7014255367443,1327100,0.0239104815010173,0.967,-43.7497392438774,-5.70251047043241
"Uruguay",1998,18.4170094612173,9752368.75635032,9.07832630972894,1427200,0.0438242012331839,1.369,-47.8046875122459,-5.28096934682343
"Uruguay",2008,11.1433073713741,9837511.40555457,5.20425771385839,2301980,0.0657444334876932,1.61666666666667,-38.0614293487018,-4.98765070052074
"Viet Nam",1968,14.764091939137,5457506.54338897,3.00062807210452,6235000,0.0262125581395349,19.344,-77.1046325631024,-13.5551579408765
"Viet Nam",1978,22.8963019963049,6318888.05114296,3.9971310573428,6525200,0.0368295224667443,30.287,-114.211733476909,-5.12734927922435
"Viet Nam",1988,54.4745895186724,8395200.80365789,4.41981728886033,6679400,0.0989649818846004,41.783,-140.024696356055,-3.65169727735407
"Viet Nam",1998,72.0417210642213,10814833.9922096,5.23056674971038,8729330,0.134323274409376,42.785,-84.4665640153779,-9.75238236288477
"Viet Nam",2008,47.2238304829165,13059572.2774917,5.82342854474329,10465010,0.128396524991376,41.5022222222222,-55.7306366510072,-12.9479893155009
"Yemen",1968,21.146665032188,2866489.52842221,3.4924551997527,1436600,0.000878393428929417,1.151,-56.7966247095143,-6.34313694132914
"Yemen",1978,5.43431934386774,2889184.56079412,5.51863975748461,1466700,0.00882764028090271,1.265,-62.7968448648667,-4.64908978025414
"Yemen",1988,9.0168993120125,3302989.85044714,8.23257996794083,1636400,0.00824798337814715,1.76,-101.186032149484,-7.44889222107817
"Yemen",1998,10.0341862611348,3305925.90164848,9.97913185831294,1609700,0.00831682922283655,2.457,-58.7609648416714,-3.87692372876694
"Yemen",2008,15.8653821599105,3552746.59580381,9.92816685938958,1465770,0.0112694802049435,2.89111111111111,-57.1629724610785,-2.82053088694954
"Zimbabwe",1968,6.91272817242706,4467047.61139483,5.14691082803314,2493000,0.02352587244284,0.5,-52.7369477281528,-4.01391389126388
"Zimbabwe",1978,3.62033037804599,4427915.93772266,5.26870953090483,2709500,0.0293247462631482,0.665,-38.2840691605345,-4.60230653476764
"Zimbabwe",1988,3.80568907811748,4029091.86695047,5.96225919351109,3169000,0.0268800568002524,0.881,-44.0078493601018,-5.93993720021216
"Zimbabwe",1998,5.42035307770104,3464414.62675024,5.42708756172478,3825000,0.0191006535947712,1.115,-45.8719788295789,-5.0138056336895
"Zimbabwe",2008,6.59436359656136,2523754.86531789,5.74718119906292,4155000,0.0128026714801444,1.07111111111111,-48.4596330639929,-7.44089419374831
"Bolivia",1968,34.140451423951,4376692.24405261,13.6929430048246,1788600,0.00115475791121548,0.309,-47.1973657094438,-8.48303068764393
"Bolivia",1978,22.6734567361881,4424101.64543429,14.7346561083712,2131800,0.00114771554554836,0.435,-62.5501531463891,-8.04579389951456
"Bolivia",1988,21.3383537858391,5062703.19703324,16.7219793073749,2495700,0.00150911567896782,0.536,-51.6878621974388,-8.44666010450899
"Bolivia",1998,16.4480624301449,5580511.3312409,13.5874890359499,3649600,0.0017016111354669,0.654,-95.6010262387684,-11.0381637767807
"Bolivia",2008,18.5187081159998,6336678.8303895,11.9054946181492,4615600,0.00412199649016379,0.781111111111111,-87.5000870940612,-5.3727110980566
"Cote d'Ivoire",1968,25.0436817603206,2449930.10056681,10.8024767807233,3486000,0.0024543602983362,0.157,-77.4102489471881,-8.2442673422945
"Cote d'Ivoire",1978,19.6119222879173,2865858.81043586,10.6315546920914,4689500,0.00251625972918222,0.275,-83.5576877366485,-9.70313264308046
"Cote d'Ivoire",1988,40.2886685136245,3263056.42117359,11.5092587113983,6312200,0.00423624093026203,0.357,-196.521408741322,-11.2309152864633
"Cote d'Ivoire",1998,19.0261649307939,3821104.10773209,11.5011526486512,6800000,0.00448252941176471,0.366,-113.272017339393,-13.2704946277442
"Cote d'Ivoire",2008,49.4035385617451,3528856.78989854,10.9723514400754,7710000,0.00419397055771725,0.35,-110.878913958398,-10.7616016664959
"Swaziland",1968,8.32602560819867,6799537.65724715,5.671906579775,160000,0.025490625,2.753,-61.88696606279,-5.87308761241707
"Swaziland",1978,11.3147142923478,9897289.74662045,5.96063895905354,168100,0.0402998215348007,3.218,-64.2566819494995,-6.22607685795898
"Swaziland",1988,16.9381944445936,10195127.0901364,5.68687547603174,192300,0.0246443057722309,3.842,-52.5920190317438,-5.62947112013697
"Swaziland",1998,18.9536151397869,11619271.1478513,5.94107795426242,191700,0.0100417318727178,4.067,-47.5036238958069,-3.01945431119857
"Burma",1968,29.2629328262881,3953326.33895941,4.21341639504088,10201100,0.00314868004430895,8.546,-113.096967441875,-7.53386677247095
"Burma",1978,13.8499785888117,6056977.67094628,5.06020620729598,10052000,0.00988823119777159,10.005,-101.020445007736,-5.24305683414945
"Burma",1988,37.6690126766118,6323604.55170537,5.19136727146639,10077500,0.00852371123790623,11.67,-122.926680422134,-8.09983880834498
"Burma",1998,41.8694749252257,7155121.35504518,6.55524213215867,10753400,0.00840154741756096,17.88,-83.0757704967187,-12.4797308816269
"Burma",2008,62.4318811515364,8130026.90695611,7.33956078058912,12289559.99,0.0118390233758076,18.2422222222222,-88.6506440670783,-10.5793510740144
"Korea, Republic of",1968,21.8526270486268,9738377.3494675,8.2059605794418,2262900,0.16601913473861,37.776,-29.9467237984297,-3.95016309662841
"Korea, Republic of",1978,11.687358279641,11977875.5951948,8.45757525104513,2174100,0.19193100593349,41.128,-27.5165714600755,-5.95425924619702
"Korea, Republic of",1988,19.5996072917432,12617298.6715729,8.58440448458977,2047700,0.235609708453387,44.89,-25.9308754534653,-5.44333134127089
"Korea, Republic of",1998,32.4362081764029,13149262.500167,8.80422139340027,1856700,0.206811230678085,45.601,-40.8726694919375,-5.5752303263089
"Korea, Republic of",2008,26.3237492667222,13996332.7895702,9.37540176645136,1698470,0.140874105518496,43.8544444444444,-47.5490622050777,-5.31076173800052
"United States",1968,14.5891024981173,10406014.7845226,7.88284613793011,188525600,0.0421517661261919,5.147,-30.1654089761838,-10.8046182897465
"United States",1978,12.4145806832057,12292685.2808711,7.23113634115786,189926700,0.051531227573585,6.061,-24.767413928298,-13.5989471824698
"United States",1988,10.8651274938387,13565121.3616957,7.04943360471141,185190800,0.0573574011235979,6.376,-19.8652981920441,-11.1945676193897
"United States",1998,21.5969642191013,16275295.3706611,6.64214948490332,173407810,0.0645358476068638,6.507,-37.1869171752967,-16.0248535743979
"United States",2008,17.6473451223057,19053276.9007978,5.90119798555455,159880810,0.0728473803766693,6.52555555555556,-15.8723427990968,-11.2554329357786
"Venezuela",1968,32.0772544249438,4652465.29241494,10.3370729060173,3517200,0.0132389400659616,1.406,-70.8150341077523,-11.3419362937841
"Venezuela",1978,41.0759294170343,5782299.56039851,11.5713135415037,3643000,0.036388223991216,1.907,-79.6169972064399,-12.1836837406098
"Venezuela",1988,41.9980889696307,7278550.85205861,13.6966771882909,3495400,0.0546351776620701,2.291,-77.7165738240938,-15.8119987286764
"Venezuela",1998,45.4219102806729,9382779.58238873,12.6799333345333,3360700,0.0535409289731306,3.555,-85.6074328708727,-11.0566750058187
"Venezuela",2008,14.2194615838295,9440823.91115036,13.5734382687241,3310000,0.0795595350453172,4.88333333333333,-83.9146979252656,-7.02855479291562
"Armenia",1998,7.89946761163275,6106660.76579442,7.66962450132267,496700,0.0326301590497282,18.871,-14.6161019063267,-7.24709876907399
"Armenia",2008,8.24541365142248,8377368.46792851,10.1457193130679,504260,0.117749593463689,16.0922222222222,-17.2277575649336,-2.42659628770136
"Azerbaijan",1998,10.9735187379686,6840721.91409362,7.2313763577978,2064340,0.00685429725723476,30.223,-33.6916420791935,-6.72779170096533
"Azerbaijan",2008,11.8765400568186,8017149.14625701,7.11762906101889,2161250,0.00992296957779063,30.0244444444444,-34.0633942049302,-5.33623724117782
"Belarus",1998,12.2521050820668,8005694.65195935,9.84674669439856,5881300,0.0573359631374016,1.291,-14.3228214017513,-9.3353560722264
"Belarus",2008,15.2707806354696,11259069.0062595,10.8263106330892,5713620,0.0867303915906203,0.464444444444444,-22.5244757433522,-5.79711051231095
"Bosnia and Herzegovina",1998,6.19044143472667,8124787.63271641,8.59221317090294,1101240,0.0201574588645527,0.135,-20.1910514048928,-7.41264435175103
"Bosnia and Herzegovina",2008,7.34437257143548,8268114.64089595,9.89020075846136,1117200,0.071575612244898,0.14,-38.810158441047,-4.9891928898627
"Croatia",1998,7.85402155728803,14229870.6168231,8.46198919675162,986400,0.135513280616383,0.637,-18.8387579854263,-6.44790901466129
"Croatia",2008,9.75665188922567,16873116.4448885,9.24242532604581,945050,0.119628167821808,1.69111111111111,-33.3919117882834,-4.14539849832212
"Estonia",1998,8.48133047177152,7045829.2948337,6.19517240429067,682550,0.032076477913706,0.157,-11.3265259615876,-5.64320401464138
"Estonia",2008,6.33143005460541,10233806.9775156,5.25604975970217,649210,0.051394155974184,0.112222222222222,-10.5292817487847,-6.54032166712674
"Georgia",1998,8.76703553769144,4766422.41142971,11.4846940871041,866400,0.0284628347183749,15.9,-25.2290587598752,-7.25515353520611
"Georgia",2008,9.37947188439275,5041514.60840661,11.8232684874008,504660,0.0788087028890738,17.6666666666667,-22.1098947018772,-9.37136871443316
"Kazakhstan",1998,5.40272957018371,3574080.78537895,2.77834435885695,29596890,0.000870361717058786,0.963,-13.6320019390015,-7.55992809253441
"Kazakhstan",2008,5.45920601723518,3974277.91140638,3.47474968906925,29256220,0.00222270682952206,0.947777777777778,-11.567479726337,-6.09434967782604
"Kyrgyzstan",1998,17.9437205160008,8078500.4878375,7.46134362101543,1398900,0.0185882479090714,9.691,-18.9301965069692,-4.67768015770961
"Kyrgyzstan",2008,12.2594229332786,8364254.40869411,9.00859968431931,1354930,0.0206921685991158,9.64333333333333,-19.825222651896,-6.77180308990284
"Latvia",1998,12.121870584474,8127216.77619417,7.94803664584641,1051800,0.0346788362806617,0.05,-13.7124773944832,-8.68334954033287
"Latvia",2008,9.82080149929965,11652991.3095281,5.39399417156283,1213950,0.0546674080481074,0.0411111111111111,-13.5611054036892,-7.14320841279054
"Lithuania",1998,6.83229725217699,8748278.07319555,8.20528796048512,2114940,0.0241844213074603,0.211,-14.3127204539943,-10.6418555369718
"Lithuania",2008,10.2673562090754,12067210.344864,6.78387929864556,2186820,0.054894047063773,0.148888888888889,-15.7916822111706,-6.73811488820632
"Republic of Moldova",1998,8.9865936466736,6543663.59775624,8.67079605591474,2149100,0.00619012609929738,10.41,-18.1035011382383,-6.32845496399643
"Republic of Moldova",2008,6.87465960572203,7709674.7713769,8.35341083635879,2056900,0.0209863386649813,9.27222222222222,-29.7765353417073,-5.29936676452336
"Slovenia",1998,8.53284261489557,16391947.3198753,8.30139361274119,202800,0.159696252465483,0.917,-18.4474957588645,-8.55485351361582
"Slovenia",2008,10.5263952952672,17021954.5802461,8.75724191929633,236496,0.114569764393478,1.11,-30.2436724050831,-7.02563126613661
"Tajikistan",1998,13.9862310442587,4866740.78645129,6.78288231159353,880400,0.0319049579736483,15.652,-31.4775987956014,-5.60410308204109
"Tajikistan",2008,13.4580396069146,7788197.04359573,8.51466755487122,871690,0.0607823882343494,15.6322222222222,-26.4077972023088,-9.41858149760788
"Turkmenistan",1998,5.52689540475965,6672629.67594539,3.5328922802992,2039000,0.0384747425208435,5.457,-39.6913687279401,-4.14898991969477
"Ukraine",1998,9.88312697421908,7242963.65303636,9.23789208160658,33465400,0.0120519969879338,5.519,-19.1699509879563,-10.4729083003426
"Ukraine",2008,11.370544882358,10705870.8114439,8.75558694695834,33527400,0.0285915400538067,5.24555555555556,-28.047191597553,-8.99136920262331
"Uzbekistan",1998,27.8335841683616,8143562.64525022,5.3271950718744,4772500,0.11790397066527,15.567,-39.6580973703632,-3.83800298363728
"Uzbekistan",2008,38.4815789892424,10726604.7260522,6.32376686816847,4475500,0.148171545078762,15.7822222222222,-33.9983833767987,-9.94097419397795
"Russia",1998,14.4894209885915,5770376.31096127,7.21644960473705,125068400,0.00719682509730675,2.116,-17.122254899961,-12.3308355689494
"Russia",2008,10.2913032618976,7503701.10860853,7.71990221792363,123288300,0.0102725497877739,1.99222222222222,-15.6106997948313,-9.51305174093063
"North Macedonia",1998,8.92064528614779,7597782.74345049,12.1403282735952,547700,0.0314208508307468,7.7,-20.1508945013467,-6.97551605206742
"North Macedonia",2008,11.6660034257237,8318628.53197959,15.0331122320072,452900,0.042023166261868,10.9155555555556,-27.8053491794405,-4.42252868947653
"Eritrea",1998,2.66591871830783,1980482.64344358,8.98300845469828,585900,0.00428383683222393,0.282,-43.4938873885456,-7.82438119745651
"Eritrea",2008,8.07777743755111,1929886.01409451,7.51575528255722,690000,0.00145962479871176,0.28,-87.4569342863605,-6.47573595238068
"Slovakia",1998,6.99396287541394,11801800.921747,9.08454936670062,1474900,0.0548848735507492,8.44,-17.5750182020938,-7.48821133264094
"Slovakia",2008,6.64761631284067,15160273.8897345,7.56236696268177,1390680,0.076771949693675,5.02,-23.3609116459133,-4.88379056852147
"Czech Republic",1998,10.4672303115603,14257544.8350359,7.39205031656961,3303000,0.0694946109597336,0.966,-19.2533178455217,-6.39640345641735
"Czech Republic",2008,12.2690033430826,17578839.1811392,6.82207386194803,2894200,0.107175385253265,0.862222222222222,-17.0323138344644,-7.21534497626796
"Belgium",2008,13.5935408291398,29906450.989836,9.50102602612334,851530,0.19472926966754,1.57666666666667,-15.1427265179874,-10.4384817535134
