"Region","Country","timePeriod","stability","stabilityOverall","stabilityReduced","yield","yieldOverall","yieldReduced","areaHarvested","areaHarvestedOverall","areaHarvestedReduced","diversity","instabilityTemp","instabilityPrec"
"AT11","AUT",1978,9.39895003173388,18.7281786201603,18.7536237690469,15039.9737349677,14737.5306487811,14736.4215060815,52480,13706530,13654050,1.80528694488355,-20.6068334041459,-7.25584562669852
"AT11","AUT",1988,14.4787665849167,18.1079137084365,18.003404127944,16033.7020041312,14935.634043589,14931.4701078646,52400,14317720,14265320,3.02523851334022,-15.0405826903012,-8.90603004203808
"AT11","AUT",1998,9.28912346192164,17.3763718492802,17.3937184990376,14637.863508185,17035.532999765,17041.8045910137,88610,33946931,33858321,4.82043764075533,-19.1362650899493,-7.3476971862551
"AT11","AUT",2008,10.6134639474852,20.1344666907762,20.1266227431577,14925.1501108163,17578.7425609538,17589.8296814778,90548,21855716,21765168,4.74811687147999,-22.305247660264,-6.15784780488911
"AT12","AUT",1978,11.0748867232616,18.7281786201603,18.7324138874968,16837.1254345524,14737.5306487811,14696.5076908627,265900,13706530,13440630,2.12576050450623,-17.5706774693535,-6.69865237413558
"AT12","AUT",1988,26.8772655699938,18.1079137084365,17.7721584592271,17926.7446838363,14935.634043589,14879.3137300542,266120,14317720,14051600,3.48211562991885,-12.3127292523126,-9.16807920577945
"AT12","AUT",1998,10.3057878083563,17.3763718492802,17.4672679928902,17546.8520976338,17035.532999765,17029.3116504738,407720,33946931,33539211,4.6012559942074,-19.7758738629433,-6.16755835264466
"AT12","AUT",2008,7.99664901024556,20.1344666907762,20.215465280286,19549.8298183007,17578.7425609538,17543.0215151636,388399,21855716,21467317,4.87356342746578,-18.2440764085513,-5.94124748804992
"AT21","AUT",1978,19.8129309073253,13.7644483638064,13.7471466328059,12933.1022739589,12456.9677395002,12456.1857825196,18470,11640180,11621710,1.51427289001824,-19.6973193051773,-8.11473344975151
"AT21","AUT",1988,13.9741541848312,13.8439554563801,13.8342283845753,13763.0160691897,12457.2043145459,12455.8160889843,13450,13069510,13056060,1.49020499195869,-15.513328816808,-9.66648709247309
"AT21","AUT",1998,13.3403974435887,16.9535443320314,16.9473450940769,13610.2577261265,16427.8117880889,16429.3409594232,14740,26956414,26941674,3.01454152556505,-18.1917543139961,-8.34003591816006
"AT21","AUT",2008,16.4800128012229,18.2350514561118,18.2285888030968,15500.7053017572,16492.9374869705,16493.5590266067,12724,20517754,20505030,3.44257555036951,-23.9972843370502,-8.88058701047012
"AT22","AUT",1978,15.2083644703597,18.7281786201603,18.71748382357,13456.3634234429,14737.5306487811,14740.0955182248,27810,13706530,13678720,1.60850894032522,-19.3430792864471,-9.17358530712496
"AT22","AUT",1988,12.6802409408791,22.8946661651607,22.8591548840863,14933.4768658422,16849.9759481063,16853.5577905394,23880,12090580,12066700,1.5757344601721,-13.4987422147295,-13.5923564323651
"AT22","AUT",1998,11.0077274615349,17.5683837788802,17.5572710963696,15901.3822201751,18319.0448529918,18321.0451729017,24400,30007235,29982835,2.96607300063967,-16.4831710706933,-9.76085549914659
"AT22","AUT",2008,10.359627782406,19.9946819399966,19.9865121606915,18105.3806939365,17740.8468756324,17740.5010808362,21027,21370979,21349952,3.59824881381257,-23.4171044133579,-7.83487913685869
"AT31","AUT",1978,10.7642570518271,18.7281786201603,18.7123282602362,16081.7043187739,14737.5306487811,14730.6699754465,68420,13706530,13638110,2.04091657327652,-19.0478194512587,-6.35796977461144
"AT31","AUT",1988,13.8572838200224,18.1079137084365,17.9672939920122,18079.6572208295,14935.634043589,14919.6595457123,72080,14317720,14245640,2.50199035001223,-15.3808011336395,-9.58260505892308
"AT31","AUT",1998,15.3959159603221,17.4137919961132,17.3856873527305,19522.8738141799,17405.7715010811,17398.1679162977,115240,32297343,32182103,3.81405583145828,-23.5415399294341,-6.96871795928855
"AT31","AUT",2008,14.0046994749344,19.9946819399966,19.9275145199387,21526.4329510556,17740.8468756324,17718.4507164731,125365,21370979,21245614,4.05155145332871,-22.9127941874079,-6.229241054832
"AT32","AUT",1978,23.1834857830705,13.7644483638064,13.7619068810145,11881.7590678772,12456.9677395002,12457.0744266883,2210,11640180,11637970,1.74446141671572,-11.3997836954792,-6.24864296650346
"AT32","AUT",1988,15.2074859606414,15.5723933027292,15.5705655079061,13086.8232223659,14000.6410411656,14000.7871399402,1540,9474120,9472580,1.618499661431,-10.5463092556609,-12.1905196479374
"AT32","AUT",1998,8.6925583246212,17.3640319681449,17.364028707756,13509.0756105006,17568.2510524263,17568.444695812,1100,24366807,24365707,2.39422948594833,-12.875736306714,-13.6576943641225
"AT32","AUT",2008,7.24713645526138,20.4777576037803,20.478411091111,15612.9000496502,18034.7047234931,18034.8496301134,891,15374726,15373835,2.47807125961017,-16.3532509781968,-8.56523877385308
"AT33","AUT",1978,32.368811753778,13.7644483638064,13.7601944200154,14960.4179211038,12456.9677395002,12456.3050396808,3130,11640180,11637050,1.9728116648736,-13.1973716841627,-7.85428044598663
"AT33","AUT",1988,22.5156842745533,15.5723933027292,15.5701437311155,15259.5352577374,14000.6410411656,14000.375975258,1840,9474120,9472280,1.97444331469086,-11.4302181361744,-12.176426466532
"AT33","AUT",1998,10.2113017088566,17.3640319681449,17.3636189991575,14503.3541125541,17568.2510524263,17568.3885542513,1090,24366807,24365717,2.83242049761016,-18.3820694478718,-6.92936056589259
"AT33","AUT",2008,16.5631789502472,20.4777576037803,20.4772755834247,16903.4313413877,18034.7047234931,18034.7633187565,764,15374726,15373962,2.69348189711872,-18.1665492956532,-9.97455913604859
"AT34","AUT",1978,8.11969532777669,13.7644483638064,13.7636355486127,13732.35,12456.9677395002,12456.9312776503,330,11640180,11639850,1.90791843029463,-13.9805512766951,-10.9143904615904
"AT34","AUT",1988,6.62212444294175,15.5723933027292,15.5716229777168,15574.1666666667,14000.6410411656,14000.60993084,210,9474120,9473910,1.98898815748423,-8.2813634461968,-14.2328401766915
"BE21","BEL",1978,15.442601094016,19.152022973806,19.1477520435403,19014.5441113671,14920.9881422335,14919.8150793016,3850,13299060,13295210,3.85211896834474,-18.03742120453,-11.0695724122838
"BE21","BEL",1988,16.8915893940904,21.3446803818521,21.341839174449,26591.2814661576,17141.6633045597,17139.2104736019,2780,10722330,10719550,2.75045369723406,-15.5189110974621,-6.55420092028624
"BE21","BEL",1998,14.4431803782995,19.1020416997491,19.09677187717,29253.545882339,18970.7056571616,18968.6886712242,5090,26009338,26004248,3.28868414257085,-37.6208036784136,-7.13629928410338
"BE21","BEL",2008,5.17457253304478,24.7143765523107,25.192073874292,30497.8940317479,27358.7859487614,27338.9665065676,3855,581331,577476,1,-15.751399820421,-12.1987252946682
"BE22","BEL",1978,18.38919416214,19.152022973806,19.1167148731141,24541.7598571459,14920.9881422335,14902.9970108644,24840,13299060,13274220,3.29330034805709,-15.9033922841617,-9.1550834396151
"BE22","BEL",1988,22.5708283696786,21.3446803818521,21.3070957614672,32551.2215564781,17141.6633045597,17123.3263711122,12860,10722330,10709470,2.54416142405949,-15.028289749714,-7.29994300784215
"BE22","BEL",1998,21.5455518374128,19.0862979059253,19.0697369273369,34647.4811577604,19004.8616970991,18992.3828443481,20780,26094333,26073553,3.82184572564666,-34.6646856476177,-7.75007946597136
"BE22","BEL",2008,8.36774655586736,25.6634093094572,25.7547987283905,42147.7759537992,21616.7639134044,21585.3963909135,9540,6240403,6230863,2.87846404859124,-15.0397705081385,-10.3036205102555
"BE23","BEL",1978,15.4996079300065,19.152022973806,19.1138239627785,21460.3451354868,14920.9881422335,14901.2847001444,40270,13299060,13258790,3.78713798739761,-18.4885651884737,-11.3170729668021
"BE23","BEL",1988,16.7173244798018,21.3446803818521,21.3085740338201,29001.8517151568,17141.6633045597,17119.0466459235,20580,10722330,10701750,2.91087953527533,-15.5808563481919,-6.51716692506531
"BE23","BEL",1998,16.8134824614598,19.0862979059253,19.071984818105,31391.4002483808,19004.8616970991,18989.7791332421,31660,26094333,26062673,3.84553168979812,-45.1143031823302,-6.91721025243027
"BE23","BEL",2008,12.2669007318798,25.6634093094572,25.690424398834,34035.1838296219,21616.7639134044,21584.6799830357,16261,6240403,6224142,2.37968212042442,-15.458982664156,-11.2555435645604
"BE24","BEL",1998,26.1358308035229,19.0862979059253,19.0635064502289,31735.2173762432,19004.8616970991,18986.9119542956,36750,26094333,26057583,3.63930657778479,-37.655908588492,-5.28800296833444
"BE24","BEL",2008,10.2914649407958,25.6634093094572,25.7172588812892,38577.1843692961,21616.7639134044,21573.8846106645,15722,6240403,6224681,2.99179738194851,-15.8862682127623,-7.07911206998665
"BE25","BEL",1978,11.9406505781564,19.152022973806,19.1128922587984,23841.5262525514,14920.9881422335,14870.7853274471,74890,13299060,13224170,3.87263227258432,-20.9428427943533,-11.8564467896284
"BE25","BEL",1988,15.4579973363425,21.3446803818521,21.2521106617459,30590.2518366723,17141.6633045597,17090.7997716588,40390,10722330,10681940,2.56955687585986,-15.8673003259239,-7.96109461948815
"BE25","BEL",1998,14.0790207764697,19.0862979059253,19.0420404112625,31352.0765919982,19004.8616970991,18972.5464676329,67750,26094333,26026583,3.60472011135921,-57.0320157655886,-8.39825107060282
"BE25","BEL",2008,5.42283921229513,25.6634093094572,25.6178303286342,32807.394263814,21616.7639134044,21558.5463403337,32967,6240403,6207436,2.29802518569967,-15.5152449786778,-10.5200447422744
"BE32","BEL",1978,14.8516232142159,19.0087822234087,18.8315651263121,24824.2054021571,14850.7961060731,14770.9371863447,110970,13967830,13856860,3.42758752790209,-18.052280857917,-10.2130459377375
"BE32","BEL",1988,15.0674364377462,22.8946661651607,22.9070236527931,33960.5281178618,16849.9759481063,16778.0166848942,50680,12090580,12039900,2.83228707465698,-14.8623326466845,-7.81271292455177
"BE32","BEL",1998,16.4674654078177,17.6247078573849,17.5689014208497,31950.6230547061,18458.3075823105,18410.5800102962,104780,29792731,29687951,3.73346172744228,-39.457392175185,-6.92118159418757
"BE32","BEL",2008,3.3957089601531,20.8940463238144,21.2297728983873,35059.518419806,19452.2898856099,19374.000908766,47328,9402294,9354966,3.21869877417671,-15.3048535649734,-10.1840830025842
"BE33","BEL",1978,18.9574999535403,19.152022973806,19.0756871426948,25101.8886488389,14920.9881422335,14879.8351229753,53540,13299060,13245520,3.08624120678209,-14.8469217066868,-8.96962542150095
"BE33","BEL",1988,25.6670842868552,22.8946661651607,22.8412581523997,33756.1793869491,16849.9759481063,16815.7745919474,24640,12090580,12065940,2.4512700531171,-14.6304811582336,-7.59201219258777
"BE33","BEL",1998,21.5888795988865,17.6247078573849,17.5910592962978,33371.5131553951,18458.3075823105,18434.2855069806,47870,29792731,29744861,3.77949916986947,-29.1886394622891,-6.93299122995938
"BE33","BEL",2008,10.6675918460944,20.8940463238144,20.8850859402852,41148.7910644564,19452.2898856099,19406.6938772197,19702,9402294,9382592,3.54969825587672,-14.3802388924117,-9.36285617364561
"BE34","BEL",1978,7.46909786102576,19.152022973806,19.153211273587,13065.0623676235,14920.9881422335,14923.2881828012,16350,13299060,13282710,2.4588884895056,-14.5845261522757,-9.20429520588679
"BE34","BEL",1988,12.1025808414325,22.8946661651607,22.8969951451734,16349.1190583147,16849.9759481063,16850.2561168307,5210,12090580,12085370,1.80704724712679,-13.2538511370201,-7.87852303555831
"BE34","BEL",1998,33.1481160813015,17.6434101912066,17.6382168024018,18927.8787736499,18426.7879730747,18426.6421581026,8900,29707736,29698836,2.83505578291011,-25.0132996108471,-5.10551789235252
"BE34","BEL",2008,9.09057068604151,25.3005076187803,25.3160407398862,18892.5174437393,16251.914653158,16250.6746335455,2453,4805847,4803394,1,-13.0777844140329,-9.41436121358864
"BE35","BEL",1978,14.9614092003423,19.0087822234087,18.9158563830624,21249.1389754933,14850.7961060731,14819.9387421545,67120,13967830,13900710,3.21557498360059,-15.4303322397881,-10.0791801899558
"BE35","BEL",1988,19.4486315256022,22.8946661651607,22.8954084754582,28530.6260593825,16849.9759481063,16820.2521512264,30900,12090580,12059680,2.96796996262439,-13.8314158443269,-6.59942251894053
"BE35","BEL",1998,22.4537696720228,17.6247078573849,17.5904649313689,29327.6856695483,18458.3075823105,18434.9990426752,63720,29792731,29729011,3.8323942506117,-29.2808769070265,-5.39604346712858
"BE35","BEL",2008,11.1442259124599,20.8940463238144,20.839473734597,33299.119191662,19452.2898856099,19408.7557346632,29612,9402294,9372682,3.72251902344076,-14.1364721728686,-7.91251832231406
"CZ02","CZE",1998,9.5642263387784,17.0470604256596,17.1442214110872,15380.4564331574,17525.4181415867,17551.5605014222,356997,29961139,29604142,3.45214776393917,-22.4691560275519,-5.00895513553587
"CZ02","CZE",2008,12.419879821785,17.884346961472,17.8877725317032,19355.9930436673,17359.6204530619,17327.8405040164,373309,23728228,23354919,4.1068532684128,-18.5805727663171,-7.04223003128204
"CZ03","CZE",1998,8.23052317641991,15.5647084157489,15.6534709929357,13689.0647912667,17188.3441694494,17231.9556799344,319209,26028500,25709291,2.83414711936106,-22.0042581628544,-4.18976916529042
"CZ03","CZE",2008,12.4582641876497,16.868334188188,16.8544938904738,16863.3460263577,16307.5188821763,16300.3216007738,299525,22669923,22370398,3.35874554907745,-17.3267922855824,-8.33733272827045
"CZ04","CZE",1998,8.25849432505294,17.0470604256596,17.0859652394957,14149.8733063193,17525.4181415867,17541.1652047162,138634,29961139,29822505,3.21698178277176,-23.9178645560295,-5.26075112243482
"CZ04","CZE",2008,11.6015796072511,17.884346961472,17.8994692927257,18687.0863786879,17359.6204530619,17351.4896841996,145961,23728228,23582267,3.6553957633208,-16.6206390277271,-8.25742032091332
"CZ05","CZE",1998,10.8528648238432,17.0470604256596,17.097827261568,15815.398634532,17525.4181415867,17539.5799699278,245956,29961139,29715183,3.41448112935455,-16.5683705099303,-7.25332060757324
"CZ05","CZE",2008,13.4277920296009,17.884346961472,17.8645096048319,19654.7974218833,17359.6204530619,17334.3971806746,259089,23728228,23469139,4.21536293977696,-15.2761899136847,-6.48243512645232
"CZ06","CZE",1998,8.41166672625373,17.0470604256596,17.1804132322838,14308.7460565408,17525.4181415867,17569.2869398012,402664,29961139,29558475,3.33880758182833,-17.1303191625355,-6.85445814835797
"CZ06","CZE",2008,9.31085590660733,17.884346961472,17.9180375720234,17832.9518948431,17359.6204530619,17350.9759977853,427855,23728228,23300373,4.36801411937573,-16.095297876669,-6.25792341349935
"CZ07","CZE",1998,12.2444726094075,16.9739175946305,17.0011490924668,16969.4872520661,17427.4756996967,17430.5525970861,198716,30260638,30061922,3.51130420385542,-15.6351941134358,-6.71407511448946
"CZ07","CZE",2008,12.6847264637337,17.884346961472,17.8623156830048,20523.695067708,17359.6204530619,17331.9404291254,206284,23728228,23521944,4.36857775512483,-16.6339644974134,-5.58528220902489
"CZ08","CZE",1998,11.0298119986358,17.1787550338464,17.1947592835115,15497.5971503323,18526.1853293986,18536.3639416212,91294,27671031,27579737,3.34715263529019,-15.6785266590211,-9.03062092584353
"CZ08","CZE",2008,13.3255406675624,17.884346961472,17.8743380605469,19281.5430075693,17359.6204530619,17352.1365614077,92284,23728228,23635944,4.35014972040745,-16.2776419669464,-4.81489456025563
"DE1","DEU",1978,17.9699272976459,18.7281786201603,18.6287764132969,16274.5118469318,14737.5306487811,14707.1562490522,267780,13706530,13438750,2.37109659130852,-20.3992762996984,-11.9433089516716
"DE1","DEU",1988,20.3584364902173,22.8946661651607,22.9057101990432,18754.3312278898,16849.9759481063,16804.3966254681,283600,12090580,11806980,2.40434247812128,-16.5310268231721,-7.16231981834528
"DE1","DEU",2008,16.3361548763358,21.2996366780517,21.2740054522468,23413.878091125,18882.8278735127,18769.363875523,473599,19389842,18916243,3.14440644785808,-19.538495575073,-7.8247845873668
"DE2","DEU",1978,14.8112938419831,18.7281786201603,18.3785579372004,17476.1984341466,14737.5306487811,14580.4030282043,743070,13706530,12963460,2.47225394896582,-16.9819234155265,-9.32525164724271
"DE2","DEU",1988,35.7956215110488,22.8946661651607,21.7768921419904,20156.5510639597,16849.9759481063,16633.2051229867,746270,12090580,11344310,2.79101543009454,-15.0934752160139,-9.99440708327488
"DE2","DEU",1998,11.9958440996759,17.4383651756558,17.5075671596459,21654.9955066085,17119.1896607665,16950.7488744787,1206000,33647432,32441432,3.80625777713658,-25.5456134187944,-5.45809135162659
"DE2","DEU",2008,20.2912547593274,21.2996366780517,21.0678430205199,24131.3334502465,18882.8278735127,18559.9801781585,1126604,19389842,18263238,3.49583172600931,-19.3233450202233,-9.35389476691993
"DE4","DEU",1998,6.44968487807014,17.4892728647084,17.7700653508712,17572.9660167083,17497.146018876,17496.7308488233,369000,31997844,31628844,4.08857797103717,-25.4959008975925,-4.56260011151379
"DE4","DEU",2008,8.20711771042653,20.1009512595933,20.3427319018001,19514.835637807,17842.2898332185,17810.4394179005,404714,21165899,20761185,3.82879814365665,-18.7767297201422,-6.84534807104438
"DE7","DEU",1978,19.9492455951353,18.7281786201603,18.6029871845082,17906.9324371592,14737.5306487811,14693.3777530107,188790,13706530,13517740,2.28066014851894,-17.4153717454509,-6.12892938937985
"DE7","DEU",1988,40.0285560479695,22.8946661651607,22.4506700523865,19619.7245959911,16849.9759481063,16803.9781621617,197330,12090580,11893250,2.73204819819483,-15.8272061600756,-7.19197281450797
"DE7","DEU",1998,17.3722868467139,17.5871528015267,17.5370535283433,22822.6223678273,17972.1565002404,17919.9448559124,334030,31357324,31023294,3.52880144245964,-36.363039936907,-5.59000648883386
"DE7","DEU",2008,16.8715724649704,21.2996366780517,21.2762504891166,24334.8422015221,18882.8278735127,18787.6510028799,332513,19389842,19057329,3.34677521277121,-18.7189240760244,-7.76915124704481
"DE8","DEU",1998,12.7776357708726,17.6434101912066,17.6924131088263,22328.5711756134,18426.7879730747,18330.1073285246,724490,29707736,28983246,3.49876330426577,-27.8414177303025,-5.76218015736322
"DE8","DEU",2008,9.08833975654551,21.2996366780517,21.5650223484698,23758.5790929457,18882.8278735127,18689.1689463724,741631,19389842,18648211,3.333241227335,-18.461296888418,-6.03610285902107
"DE9","DEU",1978,17.7220441587261,18.7281786201603,18.0790729101458,19154.2293098688,14737.5306487811,14491.0313635471,726810,13706530,12979720,2.59928764789725,-17.4682116595826,-8.22260503819815
"DE9","DEU",1988,27.3305996075629,22.8946661651607,21.362524664694,22052.0386788246,16849.9759481063,16544.1634192988,668840,12090580,11421740,3.38740095058011,-13.7154918606949,-8.8670290589465
"DE9","DEU",1998,15.0101418994688,17.6434101912066,17.4003390772055,25331.6177837228,18426.7879730747,18178.682018127,1031170,29707736,28676566,4.2405229206706,-30.9681798301041,-5.15129451707414
"DE9","DEU",2008,23.3626108638531,21.2996366780517,20.925022468279,28336.2013374626,18882.8278735127,18398.8594450045,944664,19389842,18445178,4.21912657359659,-16.7150802790213,-8.67135584632673
"DEA","DEU",1978,22.9450267553207,18.7281786201603,18.2278108422784,19813.3168743062,14737.5306487811,14556.5621296241,472770,13706530,13233760,2.13758524204347,-19.2894918963377,-9.44414768287969
"DEA","DEU",1988,24.2904590270021,22.8946661651607,22.2734711978715,23387.4504169395,16849.9759481063,16638.7772391909,379790,12090580,11710790,2.86824449309692,-14.9786363353804,-8.88664382521503
"DEA","DEU",1998,16.6842412481768,17.6434101912066,17.413096989768,26369.811588766,18426.7879730747,18259.0590345642,615170,29707736,29092566,3.80641286009742,-31.5972505396092,-6.87997278868816
"DEA","DEU",2008,21.6650574935748,21.2996366780517,21.0059767769008,28752.2296089989,18882.8278735127,18574.3460849161,587199,19389842,18802643,3.75496072880382,-17.0421883270148,-11.451389386964
"DEB","DEU",1978,15.1333364720661,18.7281786201603,18.6371788299226,17061.2109570025,14737.5306487811,14706.140832059,182920,13706530,13523610,2.24428936694946,-19.0837386541032,-8.70877736129867
"DEB","DEU",1988,29.5122176471959,22.8946661651607,22.6900548734924,18733.9060364738,16849.9759481063,16820.8603368397,184270,12090580,11906310,2.528817458818,-16.3616947123164,-8.51505058210749
"DEB","DEU",1998,14.7849678212943,17.5871528015267,17.5775460917809,21199.6671757354,17972.1565002404,17944.8326658702,263820,31357324,31093504,3.81203191933143,-31.1978394271979,-5.8861681628124
"DEB","DEU",2008,15.9028622822987,21.2996366780517,21.2018285965282,23175.5103829531,18882.8278735127,18823.6022559688,264375,19389842,19125467,3.70058691662608,-17.0215974518762,-8.03160742226619
"DEC","DEU",1978,9.91440212917731,13.8207708709607,13.8191175793022,13467.0122493245,12512.6187789385,12511.4782042908,13430,12308950,12295520,1.56811676688871,-19.9368627089427,-7.06489976802623
"DEC","DEU",1988,14.3462856270852,17.3623483674337,17.3586764211397,15041.4662402318,14076.4909747038,14075.4691648696,11640,10842370,10830730,1.88680912661482,-16.0840310871884,-8.51698501410516
"DEC","DEU",1998,11.6096606682905,16.1759594295712,16.177986603334,18447.2215357354,17179.2904851792,17178.4555568272,18610,28065205,28046595,2.95111961357115,-27.0526857927711,-6.25894079693722
"DEC","DEU",2008,15.6120729846139,20.4777576037803,20.4623995928679,20335.6017713095,18034.7047234931,18032.5661365047,14264,15374726,15360462,1.96506813815158,-15.900543831082,-7.67405402547479
"DED","DEU",1998,8.3121938351134,17.4892728647084,17.7052322902642,20449.8419014517,17497.146018876,17455.0176026882,453240,31997844,31544604,3.62252309202433,-23.8577353052456,-5.57965261406345
"DED","DEU",2008,12.5834165179217,20.1009512595933,20.1434348790796,22955.3427083563,17842.2898332185,17726.8574662462,467649,21165899,20698250,3.50799108087126,-16.4856378571589,-7.75719731598121
"DEE","DEU",1998,12.0723280481997,17.5871528015267,17.6453354088593,23021.4764214017,17972.1565002404,17867.0579110932,643080,31357324,30714244,3.62698854956891,-30.5457247002449,-4.46420598868473
"DEE","DEU",2008,14.8042236491523,21.0227494189439,20.7227702072156,27213.964985567,18099.1067625792,17841.1036838899,509589,18488745,17979156,2.68668072352322,-17.1404817075685,-6.37156073385186
"DEF","DEU",1978,13.6924745170738,18.7281786201603,18.4273788042721,17697.7500971354,14737.5306487811,14682.1587897307,249890,13706530,13456640,2.60080823664221,-15.7034467136743,-8.9722568056722
"DEF","DEU",1988,13.9298265291761,22.8946661651607,22.5352975686699,20791.0706654932,16849.9759481063,16783.1135369508,201730,12090580,11888850,2.74188597145433,-14.177749464997,-7.20567757411937
"DEF","DEU",1998,14.8056037287047,17.6434101912066,17.4435326065586,26135.3885122053,18426.7879730747,18323.8142485599,392270,29707736,29315466,3.2564955168949,-30.0617843610683,-5.48837103832964
"DEF","DEU",2008,10.6961639516474,25.6634093094572,25.5461769038029,29201.165441357,21616.7639134044,21521.5055236964,77392,6240403,6163011,1.79000089070266,-15.7709044946333,-8.8683090166312
"DEG","DEU",1998,12.6435880767477,17.4383651756558,17.4260338760063,21115.9190506614,17119.1896607665,17064.2439352391,457760,33647432,33189672,3.33287104376373,-27.5931790894745,-5.24766361622989
"DEG","DEU",2008,14.3021641684346,20.240735363079,20.1953299083513,22967.05143083,17676.4788209333,17560.5469189922,464770,21650636,21185866,3.24565463929157,-16.0174219952086,-6.75620027796231
"EL30","GRC",1988,4.50440456640908,15.5723933027292,15.5758829956802,6362.60465068748,14000.6410411656,14002.6165660205,2460,9474120,9471660,1.54045225403929,-35.4284187466701,-3.92019045833067
"EL30","GRC",1998,6.14217170406623,20.7141561250959,20.6926255220129,4778.23222983299,15231.558001479,15241.1465333659,10563,11803709,11793146,1.5209630374061,-43.4513148173831,-4.31409835163365
"EL30","GRC",2008,2.93341027953298,20.6451942207122,20.6317116037,9635.92037946355,17700.5387916596,17704.1664852321,6484,15985196,15978712,2.51921848870056,-33.4661983223278,-7.67815696972848
"EL41","GRC",1988,7.59093942728727,15.5723933027292,15.5668297403596,5426.49854699362,14000.6410411656,14011.0342549451,11410,9474120,9462710,1.34035713407689,-35.3350119778336,-4.55045280854595
"EL41","GRC",1998,10.7057625811816,20.7141561250959,20.7066558573203,6231.83465815213,15231.558001479,15235.1338626345,4640,11803709,11799069,2.27435140507175,-46.472399860538,-3.77206438667779
"EL41","GRC",2008,2.4173100372909,20.6527358123914,20.6122915291643,5381.66912018786,17695.1866749688,17700.7409059909,6053,15991539,15985486,3.36195675917238,-41.0946469819369,-4.3817985859319
"EL42","GRC",1988,7.64112908617421,19.5817852338092,19.5784140388558,5332.5600765121,17387.7355978631,17402.4263890679,13300,11036870,11023570,1.71623105598344,-40.7288014126168,-3.4311625960393
"EL42","GRC",1998,15.4804006956306,19.0016730667129,18.9950741418229,4894.30919238222,18601.5010973331,18606.8876770843,10851,27538160,27527309,3.06676956408314,-73.764928843129,-3.39536470766514
"EL42","GRC",2008,3.56504861640205,17.9455172223796,17.9355639713345,6303.28661273418,17528.3649091983,17533.1979366524,8230,18923776,18915546,3.76739388065205,-25.9768091073851,-3.65941844564904
"EL43","GRC",1978,26.9281837812721,13.7644483638064,13.7532997235976,6886.6642947796,12456.9677395002,12463.208583508,12990,11640180,11627190,1.98395238905552,-52.4310921819985,-5.04523823010789
"EL43","GRC",1988,15.6106266855575,19.5817852338092,19.5731328674581,8268.7607691534,17387.7355978631,17396.1671027277,10100,11036870,11026770,2.08797572466359,-44.3944980523458,-3.99497598266318
"EL43","GRC",1998,3.68214602364352,17.266415470286,17.260287077945,18011.2494054067,17075.2926553151,17075.7906132698,5309,26016395,26011086,1.59688877491345,-47.5106247996361,-3.03597531993421
"EL43","GRC",2008,3.86505719118307,20.6527358123914,20.6075525442689,11690.8915631697,17695.1866749688,17699.3881081335,7346,15991539,15984193,2.56286742039189,-29.2663324537376,-3.38663704499903
"EL51","GRC",2008,11.6539661336008,18.4519371268515,18.3867693267343,15772.8058485486,17373.125286536,17385.2737245363,205402,25028710,24823308,6.03646603573703,-28.7135904288497,-4.16382983912669
"EL52","GRC",2008,11.0333454223053,18.4514865653131,18.3418759916507,12774.8958684516,17373.2338470634,17442.4583523256,382333,25028469,24646136,6.47414919240765,-40.5293617054378,-4.80349335369208
"EL53","GRC",2008,9.72899745297161,17.9866512761215,17.9195185223496,12193.1791975424,17787.122095907,17822.7040513885,139071,21601310,21462239,5.696055722325,-28.425731545681,-5.10821102306257
"EL54","GRC",2008,9.18812070616983,17.1392803162582,17.1099717321413,24791.9343085583,16492.2720155985,16486.5986516769,13931,20970912,20956981,3.653691535198,-31.7638351544095,-4.26263589973841
"EL61","GRC",2008,12.8870003604716,17.1029408901737,16.9339102299842,16203.658463185,16465.6136348905,16467.9030129297,200538,20950392,20749854,4.04394260177399,-39.5882627723815,-5.43310001028253
"EL62","GRC",2008,4.05486916350531,17.9151063394365,17.9085483966163,8385.43680344426,17562.9723201271,17565.075009441,4103,18846699,18842596,4.24952534904748,-37.133203496331,-4.99987622745766
"EL63","GRC",2008,6.18525023675277,17.9808184180974,17.8804029949855,18063.8946194281,17558.7722809402,17561.2487616966,64077,18916003,18851926,3.33566725387523,-48.8051956731348,-5.80236681252813
"EL64","GRC",2008,13.1582776845323,17.1679091973237,17.1082607939168,13706.3924108372,16581.3151691586,16594.0684500573,88407,20769137,20680730,4.13971978843976,-32.8396916143775,-7.07076388165813
"EL65","GRC",2008,11.026674122693,18.0113857834687,17.9841010715124,10491.5442180855,17524.3043966688,17532.4999675298,22477,18993080,18970603,5.5234317077865,-32.1106982827158,-5.51109105710144
"ES11","ESP",1978,7.90152020656525,13.7644483638064,13.7380614198414,9538.87799252028,12456.9677395002,12483.3887339629,104110,11640180,11536070,1.09910302090168,-34.2902984678446,-8.97328068314194
"ES11","ESP",1988,9.26561659973332,15.5723933027292,15.5107325740151,9856.64966804391,14000.6410411656,14036.2640755258,82920,9474120,9391200,1.1109863146629,-19.8529038697621,-8.94344847450747
"ES12","ESP",1978,6.98065464304639,18.4024311037293,18.400879115373,11756.9554842351,17377.4409056563,17418.8804803776,8890,1211770,1202880,1,-28.2099463873437,-8.14972121624326
"ES12","ESP",1988,3.69625931611134,20.8432167659574,20.6697674609992,12806.3250961456,21125.8502968722,21161.6103128599,4090,968430,964340,1,-19.7479401666936,-12.566297560877
"ES13","ESP",1978,13.1206956136195,13.7644483638064,13.7632415716815,8532.3106707524,12456.9677395002,12458.3641639629,4130,11640180,11636050,1.53736770730163,-24.2595244957594,-6.54743205682547
"ES13","ESP",1988,5.26137593083775,15.5723933027292,15.5663647466749,9862.02594034681,14000.6410411656,14002.0546783663,3210,9474120,9470910,1.40733544782934,-18.6275951890754,-7.80731889552882
"ES21","ESP",1978,11.5166761476632,18.8975118587038,18.8705814024079,12354.9907200525,14803.2286330636,14810.5632084659,38710,13037760,12999050,2.36289871300741,-29.9632975780662,-6.94361392479249
"ES21","ESP",1988,11.8821347690456,22.8946661651607,22.8606560504354,16108.5653001005,16849.9759481063,16851.731830664,28250,12090580,12062330,2.65595420742373,-18.1025262083935,-7.23972620860966
"ES22","ESP",1978,6.27576444683157,18.8977986391382,18.9466148827929,9859.63335474941,14808.1165151683,14858.9193426314,131020,13039360,12908340,1.30775679351165,-27.1524901990983,-7.5579307486848
"ES22","ESP",1988,6.09574179324906,14.1177317324793,14.1106680506708,9062.44900990316,12548.7616728762,12583.8958095715,131380,13368680,13237300,1.66827929869078,-23.0407219209768,-6.86399217025284
"ES23","ESP",1978,5.04663373164057,18.8975118587038,18.9195021460074,12387.4139945829,14803.2286330636,14815.1345206997,63330,13037760,12974430,1.89940219569148,-22.2310653075655,-6.27091616020716
"ES23","ESP",1988,10.9913302413677,17.2720547291258,17.2387141633797,15599.7223962873,14971.6159081738,14969.8779154054,44170,12949470,12905300,2.13359475628745,-18.0717250850599,-6.22004616827484
"ES24","ESP",1978,4.53822862800121,19.6372439855284,20.4235547616051,6836.72479897171,13860.7922269658,14181.2214557512,635500,14581420,13945920,1.32488798820683,-30.7144930387421,-7.41069363519799
"ES24","ESP",1988,3.90746009528397,14.1177317324793,15.0122082650706,7379.0016268636,12548.7616728762,12787.309040895,594640,13368680,12774040,1.5682389506496,-22.7730491415972,-6.41710714078838
"ES30","ESP",1978,4.72508704601734,19.2344139184683,19.3159436734117,6841.6748370389,13823.3446291415,13848.7752978417,51990,14333880,14281890,1.67133880337243,-33.6928594958978,-5.13281799057577
"ES30","ESP",1988,3.51749666201062,12.8670813688798,12.9721960198815,6268.57741420849,12203.6107393156,12237.730273379,64890,11701260,11636370,1.51913265137118,-23.1825262012051,-4.04907478627823
"ES41","ESP",1978,4.84538820496929,19.2344139184683,19.4388031798923,8540.14258056421,13823.3446291415,14492.2867107029,1614890,14333880,12718990,1.84257136269804,-28.8602533178778,-6.31650416299113
"ES41","ESP",1988,4.30712564877683,18.1079137084365,20.0729084732514,8905.42569444593,14935.634043589,15812.1079535115,1812010,14317720,12505710,1.91681415048748,-18.0856451296859,-5.22318839328142
"ES42","ESP",1978,5.56832181987519,19.2344139184683,20.4788989495108,5440.46373672789,13823.3446291415,14561.9303077641,1159720,14333880,13174160,2.02546792613361,-33.6110248014808,-6.69082488585073
"ES42","ESP",1988,3.34562634695702,18.1079137084365,22.7036120824003,5544.20193449792,14935.634043589,15953.6494785554,1391820,14317720,12925900,1.91736124579666,-22.7219084555209,-4.88332672403284
"ES43","ESP",1978,4.99664924356616,19.2344139184683,19.3493448387002,4631.64509717303,13823.3446291415,13944.6434306631,188220,14333880,14145660,2.21779899805035,-42.9534139526133,-4.95994139656824
"ES43","ESP",1988,3.16360836830938,17.2720547291258,17.900512302021,4304.75030301543,14971.6159081738,15152.4986554288,214670,12949470,12734800,2.4110502220183,-24.7458226802423,-3.81574422874967
"ES51","ESP",1978,5.02249681587821,14.5229853849726,14.8971629483266,8911.9177033188,11690.7540380597,11745.4014823161,254730,13183840,12929110,1.87119814597273,-32.3351429168214,-5.26397869756121
"ES51","ESP",1988,6.89851649613188,14.1177317324793,13.9490288533344,10333.6800814814,12548.7616728762,12596.4115394541,286870,13368680,13081810,1.95663896683766,-23.5485316538942,-7.50071569482863
"ES52","ESP",1978,14.0365815220036,14.5229853849726,14.5169220430849,10465.3414637541,11690.7540380597,11695.820474813,54390,13183840,13129450,3.69980569840549,-46.059718608282,-6.38979964493313
"ES52","ESP",1988,16.1575716427517,13.1762982399658,13.1428280894771,11421.4769305041,12312.1821680988,12316.0923857591,51380,12000430,11949050,3.58710465102802,-31.9034746454467,-4.79070649493817
"ES53","ESP",1978,5.74055678018407,13.7644483638064,13.7663631383208,4643.58269404011,12456.9677395002,12477.2976071927,30220,11640180,11609960,1.57999086495397,-33.6129742402708,-6.02329930518641
"ES53","ESP",1988,6.52927610991105,15.5723933027292,15.5372222758183,6128.64667521337,14000.6410411656,14019.0943167233,21880,9474120,9452240,1.56803821639727,-23.685735746691,-5.22878451478289
"ES61","ESP",1978,5.79516776491427,19.6372439855284,20.303483717368,6634.41930876174,13860.7922269658,14303.305951781,842100,14581420,13739320,3.21662854224715,-48.8102503348597,-5.0931123371108
"ES61","ESP",1988,3.92107971379717,18.341424991148,19.8981880631137,6365.95947261401,14968.0985737754,15488.8661233253,841840,14616890,13775050,3.15605912148914,-30.7803981639074,-2.857116543056
"ES62","ESP",1978,2.89952219603463,14.5229853849726,14.4736023866762,3764.79857347347,11690.7540380597,11743.6817499788,87620,13183840,13096220,1.30551497627303,-48.8491997080544,-4.93646149052122
"ES62","ESP",1988,2.61745173409515,13.1762982399658,13.1234700283928,4150.90251416667,12312.1821680988,12368.9919560797,85730,12000430,11914700,1.32183503559577,-34.4418730517396,-3.78408232291887
"ES70","ESP",1978,7.61421484126918,13.7707802770865,13.7527862625755,10581.2223641656,12462.7725746402,12465.1656197254,14270,11641780,11627510,1.68780383427245,-42.254408825372,-5.64849880139088
"ES70","ESP",1988,4.55178094519297,19.5817852338092,19.5689863179344,10715.6790150609,17387.7355978631,17393.3348328912,9330,11036870,11027540,1.51182378307458,-41.7534490528211,-3.00336588869925
"FI1","FIN",1998,14.1940838162868,17.6434101912066,17.2102493678691,11109.6626685601,18426.7879730747,18642.4985983747,852150,29707736,28855586,2.82143531527561,-8.03805548756803,-8.25739224001436
"FI1","FIN",2008,14.756442052274,20.8047926193603,20.3619729558387,11852.4058222261,18620.8518559021,18914.0070505169,784140,18808511,18024371,2.56735256859952,-6.2287812758899,-8.47553267750199
"FR10","FRA",1978,21.3050741322043,18.7281786201603,18.6142556429708,25814.2864938154,14737.5306487811,14626.5730331137,136850,13706530,13569680,3.04622550426634,-19.6910353867871,-8.89419726560982
"FR10","FRA",1988,14.3596070285377,21.5806625806162,21.5663931061743,26665.5897750856,17183.5088564229,17094.4713470605,148370,15880470,15732100,4.13160318541081,-17.91366416608,-7.14013953626004
"FR10","FRA",1998,14.546548948713,18.7322939963625,18.7280076398066,26837.2385576287,18338.9680926548,18236.2065974484,421618,35254192,34832574,3.54492115451302,-45.2536846839772,-5.61699807070055
"FR21","FRA",1978,13.4421934454576,18.9821980339405,18.8659035543378,23210.9559069456,13809.2093573883,13536.9661726726,422050,15002650,14580600,2.86137543449033,-18.2885127852415,-9.06155927484188
"FR21","FRA",1988,36.0548822967337,21.5806625806162,20.9836686149207,26658.6505150359,17183.5088564229,16898.9350557986,462920,15880470,15417550,4.53075483546641,-16.5636661415528,-7.01068201960861
"FR21","FRA",1998,18.2751823222204,18.7322939963625,18.5837059792841,26992.7337195111,18338.9680926548,18100.8180773645,945663,35254192,34308529,4.41309038836551,-31.4637218978292,-6.05716376604883
"FR22","FRA",1978,17.2975385575651,18.7281786201603,17.996509463083,28623.0998371029,14737.5306487811,14308.3791174134,411550,13706530,13294980,2.94322986814943,-17.6614808406379,-10.9351303228138
"FR22","FRA",1988,24.6083459539098,21.5806625806162,21.1137936695497,34279.1724290202,17183.5088564229,16704.9167396822,433380,15880470,15447090,4.34722569306353,-15.9220097663504,-7.21915284486566
"FR22","FRA",1998,20.6076304024766,18.7322939963625,18.3920094292494,31812.1625838854,18338.9680926548,17965.0843561715,952359,35254192,34301833,4.13640987518817,-49.4791864548168,-5.95261967900545
"FR23","FRA",1978,15.1827469807729,18.7281786201603,18.6153655206356,22939.7496080658,14737.5306487811,14662.58031583,125180,13706530,13581350,2.90175265538844,-19.4043137956843,-11.7231191574536
"FR23","FRA",1988,22.5712102754909,21.5806625806162,21.3391430741085,30691.4584136869,17183.5088564229,17025.8193229103,183090,15880470,15697380,4.40358647530467,-17.6543486557488,-5.66374003037408
"FR23","FRA",1998,18.8905964092372,18.9829892959207,18.7945488984846,29450.1815746282,19732.7186223311,19583.6571304363,472465,31314496,30842031,4.43467344099649,-51.9699802180354,-8.05983444952118
"FR24","FRA",1978,10.8939777527138,18.9821980339405,19.2729643005323,14383.7100124317,13809.2093573883,13791.2221321066,478120,15002650,14524530,2.92980602089259,-19.9598325633006,-9.54356150539949
"FR24","FRA",1988,14.170141448476,21.5806625806162,21.6860674428648,16800.1054098171,17183.5088564229,17198.788843339,583520,15880470,15296950,4.10425983710596,-18.5295491808227,-6.75653888335264
"FR24","FRA",1998,13.0935783955585,18.646976836453,18.6989878104669,21253.4090857935,18248.8693852869,18119.5240401346,1469950,35553691,34083741,4.30418943918888,-40.0517059927651,-7.70512214554913
"FR25","FRA",1978,16.1274970776328,18.7281786201603,18.7025809123681,19584.5202192841,14737.5306487811,14716.0956719194,61660,13706530,13644870,2.3416345316592,-20.5667180362077,-8.8683313071537
"FR25","FRA",1988,8.9834915998183,21.5806625806162,21.2444250157172,38006.1168860445,17183.5088564229,16872.2649726506,233030,15880470,15647440,2.36363565140483,-19.3234214532147,-5.64218068010447
"FR25","FRA",1998,18.6723462093389,18.7322939963625,18.4673575389606,33426.3418975852,18338.9680926548,18146.1403715703,445317,35254192,34808875,3.55723693740764,-56.7697872941345,-8.92082184736416
"FR26","FRA",1978,8.09033195373834,18.9821980339405,19.5109662232437,14310.8957347912,13809.2093573883,13797.3686203873,328940,15002650,14673710,2.24116771519012,-19.7592658603079,-8.58025603334228
"FR26","FRA",1988,20.8565935264061,21.5806625806162,21.3025676271905,17374.6997073788,17183.5088564229,17179.2955622695,375480,15880470,15504990,3.79224056692334,-19.1907281338196,-6.75572686681406
"FR26","FRA",1998,9.86393765689619,18.6554828888412,18.9250739002152,20199.9634180189,18660.5931367897,18626.2230059727,740371,33904103,33163732,4.08022940531409,-29.0903990140938,-8.98852399176473
"FR30","FRA",1978,16.7648157869601,18.7281786201603,18.3193257589002,25183.8478436089,14737.5306487811,14531.6769214501,264840,13706530,13441690,2.74525546237334,-18.9164129988631,-11.6276067850819
"FR30","FRA",1988,20.9224991558278,25.4424389264589,25.4392066860785,34227.4847019566,19251.7945539065,18939.0625116318,280410,13653330,13372920,4.21641546809807,-15.7759939261526,-5.87112992749855
"FR30","FRA",1998,17.5805030580478,18.9829892959207,18.7353652101692,33202.7392926994,19732.7186223311,19497.71342054,535983,31314496,30778513,4.50071435341782,-54.9209578692818,-7.23966212405035
"FR41","FRA",1978,8.41996774975602,18.7281786201603,19.0375661713769,13783.6435846194,14737.5306487811,14754.0450510886,235430,13706530,13471100,1.70195852291739,-17.6503089488612,-9.06539914760512
"FR41","FRA",1988,16.8186970368776,21.5806625806162,21.6201513262617,21446.8405182871,17183.5088564229,17094.5222162501,323890,15880470,15556580,3.08076950721054,-16.4030656031598,-7.62500095756285
"FR41","FRA",1998,10.7594281224521,18.756203290826,18.9825308149623,22429.1017422292,18758.7219461778,18694.9961790419,574059,33604604,33030545,3.81320138426552,-28.3625391352616,-6.51175793984847
"FR42","FRA",1978,11.4796128117046,18.7281786201603,18.7540759629014,17225.966129879,14737.5306487811,14728.9181749606,47520,13706530,13659010,2.61567097045002,-20.062065037564,-10.3247673429207
"FR42","FRA",1988,11.0619657798272,21.5806625806162,21.612490842891,34112.1091562272,17183.5088564229,17134.7013350963,46530,15880470,15833940,4.61583469781138,-16.8885616795928,-7.74813427681218
"FR42","FRA",1998,19.1055410076979,18.7501307678487,18.7298487821171,30791.2977136842,18731.5995335103,18706.5151910563,69617,33519609,33449992,3.74672141324724,-28.4062356514971,-6.06947020850106
"FR43","FRA",1978,4.74013701188014,18.7281786201603,18.9424527068753,13028.7636518834,14737.5306487811,14746.7121713679,74080,13706530,13632450,1.79093865523402,-16.6315927878926,-12.7497546785316
"FR43","FRA",1988,19.3468065763969,21.5806625806162,21.4614049541462,23398.9033760845,17183.5088564229,17148.5203901395,89970,15880470,15790500,3.65022718850804,-17.2392086650586,-9.00481250747577
"FR43","FRA",1998,9.77314919725731,18.6493310918712,18.704399544971,22141.5372114505,18633.4657628084,18617.2669463974,156078,33819108,33663030,4.74618987563758,-24.1171799747424,-8.01812178552119
"FR51","FRA",1978,12.879695891635,18.9821980339405,18.9697342471761,12336.0646291124,13809.2093573883,13821.4373852236,123360,15002650,14879290,2.45840835535711,-20.479808306918,-8.6791488822412
"FR51","FRA",1988,5.16470178682707,21.5806625806162,21.6062855749109,27159.9151721572,17183.5088564229,16874.1943824707,489970,15880470,15390500,2.45890241196072,-19.0483480776628,-6.21986100761908
"FR51","FRA",1998,19.0075887766644,18.646976836453,18.1155333332961,27256.7738326772,18248.8693852869,18045.8913138553,784795,35553691,34768896,3.88213786614112,-46.8399779518709,-6.4788837790547
"FR52","FRA",1978,9.36809038930336,13.8207708709607,13.8061566198842,14553.4355734943,12512.6187789385,12481.7254419305,188680,12308950,12120270,1.65784448892705,-22.6102442761855,-8.34122279865643
"FR52","FRA",1988,9.21558256175936,17.5806111765053,16.54064360641,31860.9157644726,15163.0507802977,14619.0574682588,467540,14632260,14164720,2.27706975243024,-20.0611496227905,-7.22519263298566
"FR52","FRA",1998,20.6184956882963,17.4667732987594,17.2138147959749,31355.8423548267,17649.0990228843,17341.2184396475,700424,31877078,31176654,3.19571018103029,-51.2381171696113,-9.82459750749766
"FR53","FRA",1978,8.36499187508055,14.1229644572377,14.0440827631819,10941.3477989326,11700.4687685435,11718.4163290928,304640,13605070,13300430,2.35706706774614,-23.6853504609793,-8.94350686715889
"FR53","FRA",1988,16.086539953435,17.5806111765053,17.3332902468291,14691.8664555961,15163.0507802977,15178.6327156585,466980,14632260,14165280,3.43258910121889,-20.5283930544256,-6.38097546351912
"FR53","FRA",1998,15.595530817519,17.4036128973584,17.1383058620562,18804.8305347426,17207.8354711167,17167.0310127813,845615,33911160,33065545,4.4985749000811,-37.6223123268712,-6.86652439543599
"FR61","FRA",1978,11.2193767641613,14.1229644572377,14.0681792473772,10485.9116614089,11700.4687685435,11709.558301516,100110,13605070,13504960,2.48320815890921,-24.761083323125,-7.52129451409779
"FR61","FRA",1988,9.04686373327168,17.5806111765053,17.5584314199194,21448.0619100578,15163.0507802977,15100.8441945908,149570,14632260,14482690,3.4896677488662,-22.5392659356735,-7.73515793134448
"FR61","FRA",1998,16.7258061345135,17.3917207473768,17.3331112045582,21974.7461116936,17177.0871909768,17143.8999660675,232894,33826165,33593271,4.81620531659526,-33.6866976955071,-12.3992236556197
"FR62","FRA",1978,10.6781742306399,14.1229644572377,14.0233035453888,10293.7128507138,11700.4687685435,11733.4580861017,313150,13605070,13291920,2.57499271721972,-21.5545249936907,-7.85180608142459
"FR62","FRA",1988,14.9648000113025,17.5806111765053,17.4261794391204,13428.533421517,15163.0507802977,15211.7452844872,398030,14632260,14234230,3.33662939101629,-20.8300192889433,-7.02826901775928
"FR62","FRA",1998,12.0921599699883,17.4036128973584,17.3834236644044,15234.2921128787,17207.8354711167,17250.4295436538,714118,33911160,33197042,5.69583030789378,-28.0861064625824,-12.7653468880968
"FR63","FRA",1978,7.29537226861227,13.8207708709607,13.8231167831367,9595.08746474909,12512.6187789385,12520.3961387891,32900,12308950,12276050,1.7216683657842,-21.1637208070417,-10.4201002391585
"FR63","FRA",1988,6.08131775237128,17.5806111765053,17.6058485185149,24575.3003194321,15163.0507802977,15129.1346985294,52420,14632260,14579840,2.6691035016916,-18.965411111043,-6.44466122194015
"FR63","FRA",1998,9.79053873153056,17.4667732987594,17.4764808158298,24462.6748039909,17649.0990228843,17634.2789975109,69425,31877078,31807653,3.7542536897044,-27.3327197001381,-10.524625773311
"FR71","FRA",1978,7.4132740497555,18.9821980339405,19.119743713381,12412.9745493206,13809.2093573883,13820.8629085459,125540,15002650,14877110,2.80216422313808,-19.9448951383794,-11.1416737102414
"FR71","FRA",1988,15.4176774705178,21.5806625806162,21.4500176241765,22070.3273671249,17183.5088564229,17130.326367691,171900,15880470,15708570,4.03595228341354,-21.4024802738398,-6.18379192995188
"FR71","FRA",1998,9.97836356909757,17.3917207473768,17.3734826048197,21655.5629060889,17177.0871909768,17142.214574649,262721,33826165,33563444,5.00055651854427,-27.7427606925773,-8.56176022798608
"FR72","FRA",1978,8.76111680577598,18.9821980339405,19.0371253468746,12691.13667005,13809.2093573883,13816.5748709058,97500,15002650,14905150,2.51826416149661,-17.9587335783349,-6.76481592800688
"FR72","FRA",1988,25.8271923143546,21.5806625806162,21.4886727863094,18299.7377462213,17183.5088564229,17175.9865843437,105030,15880470,15775440,4.31416731133388,-18.1677628421948,-5.96488315068493
"FR72","FRA",1998,9.44097555989755,18.6493310918712,18.7008420755398,21023.2511955308,18633.4657628084,18619.4849036176,199276,33819108,33619832,4.02770387470343,-25.0999522832113,-11.2880087383318
"FR81","FRA",1978,10.0673934222494,14.475303962228,14.4539825758487,9042.95391946377,11777.7241179141,11787.3025353042,46940,13852610,13805670,3.22389043680531,-26.209824354444,-6.88858540557369
"FR81","FRA",1988,17.1229928375901,17.8451626713602,17.7919329190597,9511.59570378049,15190.0424702331,15210.5522097249,52980,14931430,14878450,4.15010870596606,-25.554483413264,-4.60374152757021
"FR81","FRA",1998,15.9261355267426,17.4884677463619,17.4709304550653,11625.4273965543,17178.7891705808,17200.6946992053,133901,34058784,33924883,3.55707563427917,-36.5830156686194,-9.09705719739292
"FR82","FRA",1978,13.2272625176959,14.475303962228,14.4425994757582,11334.9120364319,11777.7241179141,11779.6489020111,55940,13852610,13796670,3.07238746956223,-22.3048813542573,-8.21122496825641
"FR82","FRA",1988,21.8122421209773,17.8451626713602,17.7754513345369,12911.9350532574,15190.0424702331,15197.6705411477,49880,14931430,14881550,4.2808619916151,-27.3404803851866,-5.31968568997692
"FR82","FRA",1998,12.8291225316198,17.4884677463619,17.4767738478679,12014.6057531345,17178.7891705808,17194.7443079298,105809,34058784,33952975,3.94645322218482,-32.6884196756092,-6.18274672972669
"FR83","FRA",1978,8.87245399030709,13.7644483638064,13.7632051776544,9184.18181818182,12456.9677395002,12457.2399917718,960,11640180,11639220,1.9353558331679,-28.0637780351292,-8.39327655940901
"FR83","FRA",1988,6.68387921348103,15.5723933027292,15.5698515982516,9883.32913752914,14000.6410411656,14001.0888958181,1060,9474120,9473060,1.69698975401951,-33.9152327575768,-11.8463449429484
"FR83","FRA",1998,7.67322324616608,18.5503281822427,18.550504662399,11513.1385281385,19340.9528051693,19341.1641053793,625,23851867,23851242,2.50560332564793,-42.656021404209,-9.7886134824332
"HU1","HUN",1998,6.35302587192205,19.3570984005912,19.3940968525236,8653.24126703699,16611.3955476873,16642.2197934681,68520,17785158,17716638,3.68678093924937,-17.3073385287573,-4.39833310703422
"HU1","HUN",2008,6.72795878446317,19.7971614341708,19.8766991922944,11680.0481162358,17409.3325103329,17446.2042700375,134597,21069305,20934708,3.47931344339299,-26.9734459667591,-3.68692079464735
"HU21","HUN",1998,7.17577097805275,19.2049959588632,19.28523754105,10129.4639258812,16463.2016298197,16504.1533826138,116150,18084657,17968507,3.44368412251528,-17.1197732784799,-4.82597711022827
"HU21","HUN",2008,8.90031354032165,19.692941764993,19.8219885704422,13749.4388406237,17311.4795663028,17355.2850270509,258234,21274385,21016151,3.78402938169568,-27.9635881910827,-4.06113861447436
"HU22","HUN",1998,8.49148061705463,19.2049959588632,19.2669553814818,12284.3473280697,16463.2016298197,16493.7455044034,131980,18084657,17952677,3.92403211974684,-18.0776090562459,-6.03073712833317
"HU22","HUN",2008,12.0636623406739,19.692941764993,19.7421093424434,14142.9068931211,17311.4795663028,17353.5867470895,279561,21274385,20994824,4.08685236735566,-25.5721359547685,-5.15429312457371
"HU23","HUN",1998,10.7964326944173,19.2049959588632,19.2350966544732,10820.595239805,16463.2016298197,16506.2252357364,136630,18084657,17948027,4.40577070935506,-17.6273883419365,-5.6346322809655
"HU23","HUN",2008,11.183300887901,19.6760444905152,19.7447055767353,15069.0874159841,17308.3838531434,17343.5968797476,333605,21281684,20948079,4.33515608946102,-30.7517839963231,-3.87271544470322
"HU31","HUN",1998,5.34961550791324,20.4737284768336,20.6469303392493,12601.754731221,18654.7067843131,18703.9981318791,157040,19606422,19449382,3.81177706302653,-17.9760165232354,-5.93115552924616
"HU31","HUN",2008,7.64349859635777,19.5463561177508,19.7080528270779,11705.1180654066,17471.8434246448,17550.3808167722,279867,20789648,20509781,3.46049164374015,-26.4807839846384,-3.72416071775374
"HU32","HUN",1998,5.61620109798387,19.4071647848583,19.627203909871,9593.94479484515,16475.1730882154,16556.3686778414,211960,18317276,18105316,3.29407658508426,-17.144963055452,-6.51515978141098
"HU32","HUN",2008,7.75244164222196,19.692941764993,19.7963078831308,11581.0360238338,17311.4795663028,17434.7033057663,449158,21274385,20825227,3.28203578472427,-29.2722257036332,-3.93420310863915
"HU33","HUN",1998,6.7810713068067,19.4071647848583,19.5739215736071,9718.54783345221,16475.1730882154,16561.2487048616,230190,18317276,18087086,3.64444189501869,-17.5061671154685,-4.04330159339381
"HU33","HUN",2008,10.3588079965187,19.6760444905152,19.6265115561051,12520.3232129188,17308.3838531434,17423.9473805062,502821,21281684,20778863,3.87338918440662,-34.5506485186049,-3.79467892540537
"ITC1","ITA",1978,21.5603849676265,19.3181135502016,19.0620241682732,16424.971956843,14825.8829170238,14809.059466303,139890,13285300,13145410,2.10898472164844,-29.3489794027785,-8.27760672266349
"ITC1","ITA",1988,24.2372337167427,24.4356522897412,20.3396571036981,16893.3011491363,16544.2256256329,16317.6390218589,114790,299170,184380,1,-29.6693256010057,-5.21894105841258
"ITC1","ITA",1998,32.5143457482717,16.0929840443612,16.0009105521155,16408.835174024,15892.0217818699,15887.9549599695,267460,32537019,32269559,3.90544331461431,-36.4141870018893,-3.39631175748115
"ITC2","ITA",1978,4.9428970501835,18.4024311037293,18.383221129466,9145.81904761905,17377.4409056563,17382.6047482765,690,1211770,1211080,1,-7.58206898456948,-9.75231784917337
"ITC2","ITA",1998,6.93707621992399,15.9851503483456,15.985535460296,14237.5,17222.6087341672,17222.9845061017,220,2036705,2036485,1,-10.774786347674,-5.15513384860469
"ITC3","ITA",1978,8.30313951576738,18.4024311037293,18.3905361568282,11368.4936819937,17377.4409056563,17393.7337047822,3250,1211770,1208520,1,-20.3236715931878,-5.834097394199
"ITC3","ITA",1998,9.48289338661627,16.681582073051,16.6816284980984,10414.5694083694,17612.8338355035,17613.0736429488,750,22330102,22329352,1.63082548886369,-44.2567981363949,-3.41525958591682
"ITC4","ITA",1978,17.6614159675459,19.3181135502016,19.0787925188539,18387.0567794963,14825.8829170238,14785.8791021232,148330,13285300,13136970,2.92736856021039,-28.3925771770559,-6.44170066047666
"ITC4","ITA",1988,16.4690918520577,24.4356522897412,26.2573292859029,15698.7989489392,16544.2256256329,16913.7913488558,92200,299170,206970,1,-30.5047595652302,-6.83081620413256
"ITC4","ITA",1998,17.2401687573625,17.4711261372147,17.4303739823515,18552.4098317347,17038.1892613741,17027.5213523287,238230,34179550,33941320,4.90338997335289,-44.6445651543479,-4.37333640432023
"ITF1","ITA",1978,9.74407088818222,18.8975118587038,18.82156651059,14594.7404787529,14803.2286330636,14803.7134419743,34640,13037760,13003120,2.84497077105216,-24.6379867028713,-8.99965583762679
"ITF1","ITA",1998,14.8489402131764,18.5270833683774,18.5222982703733,13694.6271905345,17333.5273536052,17345.2045770409,97150,30248533,30151383,4.45269349467011,-31.6241229836445,-6.18807374209766
"ITF2","ITA",1978,6.66005359811808,19.2344139184683,19.2047837901096,7344.2305260614,13823.3446291415,13833.2211463417,21950,14333880,14311930,3.34972228561592,-24.7538186107018,-6.18934335102222
"ITF2","ITA",1998,19.353817304521,18.6272350119708,18.6040396142562,9584.65948252955,17430.4334177717,17454.7427687915,92600,29949034,29856434,2.6772670348237,-34.6522133063706,-6.22731186796314
"ITF3","ITA",1978,15.0055874922099,18.8975118587038,18.8305911823919,11916.493349807,14803.2286330636,14812.5373506893,42240,13037760,12995520,1.92776692381664,-24.8506645784658,-7.70476815542167
"ITF3","ITA",1998,16.6944665186916,18.6272350119708,18.617823196133,11234.8568541088,17430.4334177717,17455.3439138359,120580,29949034,29828454,3.21775994733411,-28.8292983132479,-8.24872675897155
"ITF4","ITA",1978,5.75883508083078,19.2344139184683,19.1658115715342,12805.5618546934,13823.3446291415,13828.6232199046,76490,14333880,14257390,3.51680355071845,-34.4680051017338,-6.02059515637579
"ITF4","ITA",1998,5.39982655420815,17.4383651756558,17.5981843660662,8744.5470114308,17119.1896607665,17237.1674944394,467400,33647432,33180032,1.8464775989706,-32.0939717945198,-5.14169108068474
"ITF5","ITA",1978,4.44427200285748,18.8975118587038,18.8830645650257,9226.81328486953,14803.2286330636,14818.541541273,35520,13037760,13002240,2.11566331052179,-22.0393907528411,-5.36383534121083
"ITF5","ITA",1998,4.8374836500036,17.1127886856889,17.1659083759955,7996.00328645673,18034.2772130105,18110.1236016334,217790,29320619,29102829,1.65697849986742,-32.0232666958642,-5.65027461629494
"ITF6","ITA",1978,11.8102599017292,18.8975118587038,18.8697254819213,9889.7638825146,14803.2286330636,14813.9040401448,28310,13037760,13009450,2.74862520358522,-37.6867298734187,-7.80067601034142
"ITF6","ITA",1998,16.1141878689963,16.038797631708,16.0262129876269,8350.88074955704,15958.1977757993,15981.0209577576,94540,32004901,31910361,3.2051393847208,-41.0528842286843,-6.86795096891725
"ITG1","ITA",1978,13.5520604576386,13.7644483638064,13.7595533538115,7607.88031001365,12456.9677395002,12465.6707505268,20710,11640180,11619470,1.92122317027908,-42.2839478762066,-3.44032390319716
"ITG1","ITA",1998,4.99376422389715,17.266415470286,17.1670559764844,7683.91084950526,17075.2926553151,17206.4058761186,357140,26016395,25659255,1.39835009130649,-33.1987436096227,-4.71148145831923
"ITG2","ITA",1978,7.55383678119292,19.3181135502016,19.3013557824211,9024.58455479687,14825.8829170238,14841.0122247869,34270,13285300,13251030,2.41466815460604,-24.17098581012,-7.32975840513258
"ITG2","ITA",1998,4.94485736074761,21.0450401811508,21.0946019768406,5668.84398946238,15274.1205573947,15372.7760035028,121790,12036328,11914538,2.14254802858317,-39.9481929123204,-6.46803858126778
"ITH3","ITA",1978,10.7447871099273,19.3181135502016,19.1072761250476,27244.9328729185,14825.8829170238,14760.3509107628,68200,13285300,13217100,2.82173622492785,-27.4549808747241,-6.95593931009051
"ITH3","ITA",1988,11.1204067768337,24.4356522897412,24.5837304639853,13985.4020162477,16544.2256256329,16572.6851569877,3150,299170,296020,1,-27.555877037061,-6.71398044210948
"ITH4","ITA",1978,12.5471444638092,18.8975118587038,18.8643653487137,16240.9861268757,14803.2286330636,14800.8356625556,20910,13037760,13016850,1.91627324165748,-26.0419539784796,-9.40519947401114
"ITI1","ITA",1978,7.63962020843623,19.2344139184683,19.1217270610178,10111.0308026584,13823.3446291415,13842.1089569891,71150,14333880,14262730,3.13043341072676,-21.9123255271463,-6.8105654974652
"ITI2","ITA",1978,7.77715997690396,19.2344139184683,19.1953270078283,8958.19483490945,13823.3446291415,13832.2345144847,26470,14333880,14307410,3.07005823331242,-22.82970616578,-6.04233778283294
"ITI4","ITA",1978,12.8737827544908,19.2344139184683,19.1659429725853,12998.8433641058,13823.3446291415,13825.9276552144,44070,14333880,14289810,2.87155702499023,-21.8654078769808,-6.28697552830381
"NL11","NLD",1978,17.8897118277117,14.1484917662974,14.018794453457,21498.6725158577,12684.6271867173,12630.1515259637,77370,12570250,12492880,3.24415817437964,-20.0276892655991,-10.5081967502879
"NL11","NLD",1988,17.78429380669,22.8946661651607,22.7125928581088,27803.4488219053,16849.9759481063,16798.1058378691,57020,12090580,12033560,3.01679536463476,-14.1761015562079,-7.09122290806789
"NL11","NLD",1998,16.4866332740297,19.1020416997491,19.034031182726,27919.5188698788,18970.7056571616,18942.9688764433,80320,26009338,25929018,3.65684187835231,-28.8467459864726,-6.95155788537125
"NL11","NLD",2008,21.9436153858115,21.2996366780517,21.2012678654942,31236.0620950829,18882.8278735127,18832.9700253038,77940,19389842,19311902,3.66091813849637,-14.4352267661449,-11.4569167908991
"NL12","NLD",1978,12.7772279825889,14.1484917662974,14.1350945694932,21287.1817919124,12684.6271867173,12675.0002813597,14180,12570250,12556070,2.57379380169958,-16.7847255477464,-13.0827939956916
"NL12","NLD",1988,14.4768061235807,21.3446803818521,21.2859070586534,28054.9254746384,17141.6633045597,17125.8214850758,15460,10722330,10706870,2.57508825284897,-12.7239129201181,-5.93530239755715
"NL12","NLD",1998,12.5404384481119,19.1020416997491,19.0800300974965,27852.5776530273,18970.7056571616,18964.0812486924,19320,26009338,25990018,3.62143110502119,-29.834547894345,-7.60077504356205
"NL12","NLD",2008,19.2258307405353,22.7505466435733,22.7130938335505,29881.2149795611,19599.632671258,19587.3857980595,19277,16227951,16208674,3.25611219296125,-13.5688385026662,-9.83508379832322
"NL13","NLD",1978,9.92750440717149,14.0747945905241,14.0234960516354,23149.2966327984,12639.9815888105,12599.7162400771,45660,11901480,11855820,1.696762316981,-18.4888703939616,-10.8905433100916
"NL13","NLD",1988,17.6570842567945,21.3446803818521,21.1982276062376,27354.1105791318,17141.6633045597,17084.7706890048,59240,10722330,10663090,2.39941035247759,-13.2840023488527,-5.87536911980677
"NL13","NLD",1998,13.9150394447253,19.1020416997491,19.0673652492298,27678.5678610154,18970.7056571616,18950.0848635784,61480,26009338,25947858,3.36351323840134,-29.843377352648,-6.77819884280278
"NL13","NLD",2008,23.9637260794529,22.7505466435733,22.6557764885233,31784.7233125234,19599.632671258,19559.4833435722,53248,16227951,16174703,3.29815254116587,-14.1846421928773,-11.9601837499062
"NL21","NLD",1988,13.7478592703136,21.3446803818521,21.3326006929407,29126.4854100664,17141.6633045597,17128.542072766,11810,10722330,10710520,2.17992178733521,-13.0167284163254,-5.68868185582992
"NL21","NLD",1998,13.0789152983442,19.1020416997491,19.1002285774134,26373.6697308899,18970.7056571616,18966.3023359916,15450,26009338,25993888,3.37797836606178,-30.5861237626827,-7.21629982901979
"NL21","NLD",2008,15.327799900233,22.7505466435733,22.7367408531951,30414.8394173968,19599.632671258,19591.8153992794,11769,16227951,16216182,3.2566263856224,-14.4985728121118,-13.7758205665347
"NL22","NLD",1988,15.0689278014128,21.3446803818521,21.3184490769001,29934.7075267716,17141.6633045597,17126.4846367779,12690,10722330,10709640,2.75902973696464,-13.4472128450031,-5.88646645716597
"NL22","NLD",1998,7.71253737453496,19.1020416997491,19.1234929241192,28336.5984552349,18970.7056571616,18963.063009817,21170,26009338,25988168,3.82174780513377,-33.8087624134323,-7.50615452696959
"NL22","NLD",2008,13.201198576345,22.7505466435733,22.7295374749771,31627.9984644548,19599.632671258,19587.5169167819,16328,16227951,16211623,3.54010374734195,-14.4241723196991,-20.8133365219644
"NL23","NLD",1988,16.2825513784282,21.3446803818521,21.1641992236644,37969.113704232,17141.6633045597,17061.8387495988,40890,10722330,10681440,2.4741547335222,-12.5569690199937,-5.73045618619032
"NL23","NLD",1998,11.1626883955135,19.1020416997491,19.0116999295709,33636.7095471702,18970.7056571616,18942.9739246173,49020,26009338,25960318,3.26328513145559,-31.2296727254087,-7.04752708015542
"NL23","NLD",2008,20.3231496724198,22.7505466435733,22.6492286478355,38261.2514390302,19599.632671258,19548.0961428862,44618,16227951,16183333,3.196595558583,-13.4472033133179,-14.4298797738297
"NL31","NLD",1978,7.1925998416774,14.0747945905241,14.0746148797102,18045.3666666667,12639.9815888105,12639.8171692349,380,11901480,11901100,2.89867553143365,-16.2320589923931,-8.63973343574822
"NL31","NLD",1988,8.65920036869754,20.5135996093895,20.5124683134316,29085.3333333333,16741.5680677845,16741.2218250801,290,9753900,9753610,1.89339407763369,-13.8331859660763,-5.8948283825155
"NL31","NLD",1998,7.19555788795997,17.3640319681449,17.3634053905959,24234.7043650794,17568.2510524263,17568.0575022028,730,24366807,24366077,2.6015727234371,-34.6281889675192,-7.64557088890881
"NL32","NLD",1978,18.3347625382441,14.0747945905241,14.0321306823653,23989.7331291485,12639.9815888105,12616.606582989,24440,11901480,11877040,2.45081190768485,-17.1808399915555,-11.0057111845945
"NL32","NLD",1988,15.8670732995601,21.3446803818521,21.2336882203315,32981.0923624847,17141.6633045597,17109.1913762424,21880,10722330,10700450,2.48228523534885,-13.5211310491967,-5.79644592397821
"NL32","NLD",1998,9.45458181167469,19.1020416997491,19.0323923200452,29180.7179120249,18970.7056571616,18959.514483425,28400,26009338,25980938,3.44941514281111,-35.2536604636139,-6.90889404050886
"NL32","NLD",2008,20.7927727759387,22.7505466435733,22.7142003278749,33081.9434642555,19599.632671258,19578.6980949489,25201,16227951,16202750,3.32033996827464,-13.8370449769825,-10.4305186156722
"NL33","NLD",1978,17.2300349765306,14.0747945905241,14.0208773867782,25465.9135290911,12639.9815888105,12606.2783146894,31200,11901480,11870280,2.60868858482038,-18.4754524000036,-10.575733088118
"NL33","NLD",1988,16.6562191914056,21.3446803818521,21.2772635917432,34379.2266666388,17141.6633045597,17102.948034226,24000,10722330,10698330,2.6013333159552,-14.4646592854534,-6.07701493322579
"NL33","NLD",1998,12.6101112874136,19.1020416997491,19.0784854956462,30864.483039847,18970.7056571616,18954.9387485082,34430,26009338,25974908,3.3037683965211,-36.3933286504071,-7.06287293426918
"NL33","NLD",2008,19.022006262909,20.6002950279529,20.5524298338815,35735.5056546271,21004.4173512201,20965.709373349,29871,11422104,11392233,2.73551302473512,-14.6989990973971,-15.5205672279076
"NL34","NLD",1978,16.7747886761365,14.0747945905241,14.0018922250315,24961.5981750869,12639.9815888105,12583.4249558843,54360,11901480,11847120,2.58573322681691,-17.3151879878275,-9.5122500704318
"NL34","NLD",1988,17.1447183506325,21.3446803818521,21.1856607202712,32993.367691468,17141.6633045597,17078.4014836033,42500,10722330,10679830,2.75879587944522,-15.3627511288431,-6.39120743382594
"NL34","NLD",1998,13.9226006838541,19.1020416997491,18.9932102408089,30928.2051163085,18970.7056571616,18940.4437541649,65500,26009338,25943838,3.47189830544299,-45.6763691874103,-7.12733539902304
"NL34","NLD",2008,16.5602652749351,22.7505466435733,22.6932290141741,34015.7210280592,19599.632671258,19542.7511912513,63889,16227951,16164062,3.18452154041089,-15.0754087794555,-11.6974296764093
"NL41","NLD",1978,18.3972257052141,14.0747945905241,14.0334299412353,24930.311835772,12639.9815888105,12614.7581402823,24390,11901480,11877090,2.7945195723172,-16.796671248695,-10.1420287102587
"NL41","NLD",1988,19.0652643519638,21.3446803818521,21.24957970675,34651.0188524318,17141.6633045597,17089.7998732195,31640,10722330,10690690,2.53820127326299,-14.560925169873,-6.40006991487438
"NL41","NLD",1998,11.2151564150441,19.1020416997491,19.0946979176003,32196.1894684246,18970.7056571616,18947.1054417746,46230,26009338,25963108,3.46850141809305,-35.7334856766578,-8.19268379962899
"NL41","NLD",2008,15.1560377083683,22.7505466435733,22.7097092366369,36247.7120430932,19599.632671258,19557.0603507094,41270,16227951,16186681,3.21997526929582,-14.8539816552128,-18.2055546731267
"NL42","NLD",1978,29.7025997164611,14.0747945905241,14.0459609225441,22617.2947298571,12639.9815888105,12625.0753587212,17990,11901480,11883490,2.9636059609122,-17.2058988370331,-8.71389499693977
"NL42","NLD",1988,12.8563683987724,21.3446803818521,21.3071416155092,35117.131794622,17141.6633045597,17104.0283918834,22460,10722330,10699870,2.60077638848434,-14.7288828490599,-8.20332104986604
"NL42","NLD",1998,14.1674044587279,19.1020416997491,19.0851880043622,33075.1501421097,18970.7056571616,18954.5257969926,29750,26009338,25979588,3.74837732907439,-34.0623208596313,-8.61929894279633
"NL42","NLD",2008,10.6259125442286,22.7505466435733,22.7293073813965,36772.9017386586,19599.632671258,19574.5336566018,23630,16227951,16204321,3.83696754722027,-14.8601677606308,-16.8321916518661
"PL11","POL",1998,7.91543314922812,17.6434101912066,17.6572175399431,11317.6103407664,18426.7879730747,18492.5727008587,272480,29707736,29435256,3.55231853880007,-18.3810424108436,-5.64335114978587
"PL12","POL",1998,13.6369066777709,17.6434101912066,17.5781456973104,11670.7024864039,18426.7879730747,18522.2609315876,412460,29707736,29295276,3.77917891013782,-17.4094113476644,-7.30456686030813
"PL21","POL",1998,11.3593539284542,17.6434101912066,17.6181575179402,10632.6551231967,18426.7879730747,18489.2892176703,235870,29707736,29471866,3.04133981940902,-14.6540371337667,-8.08584996579264
"PL21","POL",2008,17.8959247411173,20.8047926193603,20.7407591448709,12198.6310410453,18620.8518559021,18669.7969841638,142716,18808511,18665795,2.22714598088457,-16.455000658966,-4.70021464601341
"PL22","POL",1998,12.6321804672315,17.6434101912066,17.6297275097408,12145.6094131624,18426.7879730747,18458.5073404982,149480,29707736,29558256,3.7057676300377,-14.2444552960927,-7.50714952246408
"PL22","POL",2008,13.7239600501686,20.8047926193603,20.8171608687866,13811.0924402509,18620.8518559021,18651.609341591,119590,18808511,18688921,2.81948292346589,-16.4868609312173,-4.80437368992886
"PL31","POL",1998,13.1819568495562,17.6434101912066,17.5846080542015,12083.9608430191,18426.7879730747,18552.8292242916,579770,29707736,29127966,3.59679546049029,-17.1064854473971,-7.42793678315617
"PL32","POL",1998,13.7049184944378,17.6434101912066,17.5703069701064,11033.6763308575,18426.7879730747,18487.4978557917,240440,29707736,29467296,3.19370538750544,-16.7733962865736,-7.08197464564103
"PL33","POL",1998,10.7953171645058,17.6434101912066,17.6296403620595,10632.3446137461,18426.7879730747,18482.6596734002,211520,29707736,29496216,3.55465145138242,-16.9563168937454,-6.63332724706973
"PL34","POL",1998,12.5125245116054,17.6434101912066,17.6537998285411,10908.0012420448,18426.7879730747,18464.0452574968,145970,29707736,29561766,3.46735371614636,-14.6136005993111,-11.7537456070302
"PL41","POL",1998,9.6591636910047,17.6247078573849,17.704410347326,14304.3682622055,18458.3075823105,18540.9130169158,580100,29792731,29212631,4.35425891620076,-19.0771660334547,-5.61546417065087
"PL41","POL",2008,12.1368913109409,19.6504837298089,19.5488440845682,16379.3646823511,17573.4951598625,17605.0782906967,528319,20584568,20056249,3.51907359373759,-15.6685150232082,-5.11875057563224
"PL42","POL",1998,8.83385492944565,17.6434101912066,17.7478950876613,12619.4218000836,18426.7879730747,18507.9825814826,408840,29707736,29298896,3.654166203046,-17.2118590941646,-5.94914544201518
"PL42","POL",2008,8.93244994092833,20.8047926193603,20.7586050510228,16120.1043854163,18620.8518559021,18667.7371540922,341342,18808511,18467169,3.06487958638443,-15.0387298269871,-5.67603878370332
"PL43","POL",1998,5.88461945487276,17.6434101912066,17.6834813832082,11015.4310421187,18426.7879730747,18458.8193636853,128290,29707736,29579446,3.75278698937887,-20.1320096927202,-5.63586814895612
"PL43","POL",2008,7.00273781991223,20.8047926193603,20.8322527705697,14097.3387998177,18620.8518559021,18651.1940834978,123543,18808511,18684968,2.99918194992485,-15.8154159321567,-5.70754278251906
"PL51","POL",1998,10.9282712237573,17.6434101912066,17.720250639059,14163.0747837272,18426.7879730747,18501.1122269347,507440,29707736,29200296,3.51972303668233,-18.0043920791139,-7.00566597205633
"PL51","POL",2008,21.9597877752773,19.6504837298089,19.4908476906549,16356.9175437788,17573.4951598625,17602.2025542511,474251,20584568,20110317,2.94911642985732,-13.8475311164409,-5.63986586532381
"PL52","POL",1998,11.7559346278209,17.6434101912066,17.6462905832478,15773.5885048117,18426.7879730747,18455.1366384017,313610,29707736,29394126,3.74605850655299,-16.1999958065994,-9.3325716981182
"PL52","POL",2008,14.9959485410896,20.8047926193603,20.7361266939068,18903.5902780172,18620.8518559021,18616.1959420964,306114,18808511,18502397,3.17482994950062,-15.2207134436183,-4.3802178047394
"PL61","POL",1998,11.2993693247945,17.6434101912066,17.6288342880346,14076.4376044993,18426.7879730747,18496.8372644862,470260,29707736,29237476,4.1095723326201,-17.5851635832585,-5.28962947740986
"PL61","POL",2008,13.3712513837685,20.8047926193603,20.6484437589447,16276.1466912557,18620.8518559021,18678.2172277562,447152,18808511,18361359,3.44932481297041,-16.8280330605385,-4.02767672190417
"PL62","POL",1998,15.3003447924332,17.6434101912066,17.6024129798921,11624.8287432435,18426.7879730747,18495.8924687488,297960,29707736,29409776,3.46111072187212,-15.7635439418862,-8.17408840681932
"PL62","POL",2008,16.7666840414874,20.8047926193603,20.7009874501186,14037.3651730016,18620.8518559021,18684.6429588633,257784,18808511,18550727,2.76358894935193,-20.6343721647435,-4.84881813108411
"PL63","POL",1998,14.7358522391242,17.6434101912066,17.589761101703,13395.9099519524,18426.7879730747,18477.2277385394,292700,29707736,29415036,3.83078191461589,-16.0420720040005,-5.74222136397953
"PL63","POL",2008,16.4799966989365,20.8047926193603,20.7943675251829,16214.0592670513,18620.8518559021,18655.1180708493,264515,18808511,18543996,3.00240539841985,-16.5368668466717,-4.37724008527084
"PT11","PRT",1988,7.65007844648607,15.5723933027292,15.5222838785192,7406.70646765797,14000.6410411656,14030.6335263002,43530,9474120,9430590,1.07154514773293,-20.9876283025396,-4.56725448646782
"PT11","PRT",1998,10.1477465067869,17.3640319681449,17.3643135026444,6336.75152577464,17568.2510524263,17581.7722573482,29266,24366807,24337541,2.12849281697531,-42.4006832515159,-3.72901962777012
"PT11","PRT",2008,36.9459788711525,17.9085065008641,17.8822086025148,8231.52518986138,17687.7279924803,17720.8319400068,64797,18478707,18413910,4.24804514078336,-38.313094212809,-4.28498404788825
"PT15","PRT",1988,8.59884105311936,15.5723933027292,15.5711975244829,3610.9714305973,14000.6410411656,14005.8001266901,4750,9474120,9469370,1.87505070425625,-32.8658152625591,-3.65923011605396
"PT15","PRT",1998,4.41158528406384,17.3640319681449,17.3624414454059,4697.24068799378,17568.2510524263,17570.2337484965,3759,24366807,24363048,2.87358808642222,-89.5603728578928,-5.26180302665909
"PT15","PRT",2008,9.72102942213252,17.9236482381858,17.9218716291125,8460.58549353795,17730.3313182124,17731.5483939529,2443,18455475,18453032,6.146356637736,-50.2525755342776,-5.15757455989234
"PT16","PRT",2008,24.790358148061,18.0124188233013,17.9504168677211,16378.5591938933,17504.8648214129,17509.105842324,68096,19023632,18955536,5.31311723958909,-38.4668566971755,-4.10601864284286
"PT17","PRT",2008,8.17056220973553,17.0400078523373,17.0327182785818,22739.8719356768,16744.7588829808,16741.2497443086,11370,20231532,20220162,4.36470439801991,-55.2565271729346,-3.66943753523034
"PT18","PRT",2008,16.1548694184736,17.1665066955375,17.0482197222255,13060.4384024919,16564.9658369757,16598.9788543115,195071,20799689,20604618,7.38293700867021,-42.9239005948268,-4.44335365978313
"RO11","ROU",1998,7.96378033706173,18.6493310918712,18.6441061205113,9095.45642300845,18633.4657628084,18727.1009126278,328904,33819108,33490204,4.23234441298435,-14.809330953896,-4.62200687803836
"RO11","ROU",2008,6.74617455223286,17.9609785378087,18.1732145602294,12471.3568628971,17220.8823385898,17317.8263207777,486747,24212965,23726218,3.70218389650547,-22.8624025101048,-4.59279152808575
"RO12","ROU",1998,8.42733412636624,19.8884850981982,19.8956197632724,11553.7434063774,18644.3653969809,18704.5410717876,265360,31770298,31504938,3.88785363187847,-14.9793604464306,-3.76352705679613
"RO12","ROU",2008,7.61266917910864,17.884346961472,18.0340391408336,13227.4099786482,17359.6204530619,17413.1972141136,305130,23728228,23423098,3.66372407069048,-23.4804452284791,-4.04568031044534
"RO21","ROU",1998,6.246656726695,18.6493310918712,18.6238038251379,8005.81321613108,18633.4657628084,18768.0910738954,421270,33819108,33397838,4.63484530152972,-17.2647567408059,-4.44530267729344
"RO21","ROU",2008,4.84487350252232,17.9609785378087,18.9988451569068,11476.3230990198,17220.8823385898,17428.2226592068,835884,24212965,23377081,3.87920288880615,-30.8399284253241,-4.3280465388446
"RO22","ROU",1998,4.07409148637121,18.6493310918712,19.1548000712773,6330.20740171491,18633.4657628084,18964.6304356892,884980,33819108,32934128,3.67318859588129,-19.9859545201101,-3.84072904531093
"RO22","ROU",2008,5.35618028598521,16.9308600556972,17.5865603894671,10358.0355707651,16106.1009430709,16522.021452991,1581273,23359740,21778467,4.62140399609561,-27.5171123615102,-3.84459961031586
"RO31","ROU",1998,3.18195932076689,18.6493310918712,19.1663795028914,6954.16605735953,18633.4657628084,19017.812721745,1075938,33819108,32743170,3.45351657029009,-19.3349367111225,-3.00223179751122
"RO31","ROU",2008,7.02747555349654,16.9308600556972,17.6518377189377,11971.8011311177,16106.1009430709,16415.0083201169,1633005,23359740,21726735,4.40413301468568,-29.6330975252343,-4.01190137895014
"RO32","ROU",1998,2.89026235866164,17.4667732987594,17.493454613851,7943.77436520075,17649.0990228843,17664.0523647046,48754,31877078,31828324,3.4879816527626,-18.5209040775876,-3.2209289634186
"RO32","ROU",2008,7.94494259437079,16.8419662126419,16.849339196578,10861.0815585154,16332.2798274099,16343.675912094,47781,22592846,22545065,4.45927706735786,-28.2861596179632,-3.93886006704996
"RO41","ROU",1998,2.50025347498329,17.3815930195413,17.6219372623797,6771.54204589623,17555.9432553122,17751.644230027,576247,32176577,31600330,2.42310127471026,-18.3457286649716,-3.14492665668738
"RO41","ROU",2008,4.38334475779794,16.9308600556972,17.7020217965737,11052.9655321481,16106.1009430709,16315.1360345452,929469,23359740,22430271,3.54844713244205,-31.0244184089001,-3.38338873187233
"RO42","ROU",1998,6.88909744781323,18.6406311707741,18.6409311861831,9494.02934474315,18222.0196395105,18328.5664443876,430606,35468696,35038090,3.88664427936047,-15.7326475777401,-3.57730273140236
"RO42","ROU",2008,10.0371589860285,17.9609785378087,17.8808438566749,13181.7299261784,17220.8823385898,17337.9493596435,692951,24212965,23520014,3.68357513386275,-35.5055929151627,-3.66204409053066
"SE11","SWE",2008,7.95981729432553,18.549618791066,18.5517451696573,14977.7605124291,17234.4856452688,17237.9113065862,27961,17955286,17927325,2.57889164886939,-9.67286684705461,-5.78098711186744
"SE12","SWE",2008,9.82171587496165,19.2082346635964,19.3158869882821,17095.0250870888,17548.5973697621,17555.5941141631,300814,18543916,18243102,2.83522589992352,-8.73448796614085,-7.03570483291472
"SE21","SWE",2008,10.5403592511623,19.2289368881512,19.1945543287194,16457.9090457471,17552.2344584947,17556.6101688439,76708,18536617,18459909,2.9614896027384,-10.436115129873,-8.25904391994092
"SE22","SWE",2008,17.8560291195979,21.2996366780517,20.998253937204,24482.0653379164,18882.8278735127,18799.819823304,282582,19389842,19107260,4.06050249460862,-13.0403014842483,-7.27767820485824
"SE23","SWE",2008,14.4988733502996,21.2996366780517,21.2732677537274,17739.6207983327,18882.8278735127,18892.5992460208,168961,19389842,19220881,2.8542780641821,-10.0052714855526,-7.03495396372995
"SE31","SWE",2008,13.6456491591715,19.2289368881512,19.2291306577679,12103.8472621989,17552.2344584947,17564.9090146822,43078,18536617,18493539,2.42096776688262,-6.53976669748597,-8.09217147368182
"SE32","SWE",2008,7.16948720347992,27.9554350881244,27.9894566121458,8639.2648371787,17452.4964047893,17461.3481239343,5400,5387178,5381778,1.24065325704687,-3.84863590812243,-14.2455448141465
"SE33","SWE",2008,5.59580843745749,27.9554350881244,27.9734928958,8164.10186934611,17452.4964047893,17473.001644351,11971,5387178,5375207,1.29552964994695,-2.87974728510194,-8.83914287939495
"SK01","SVK",1998,6.96078916579178,17.4892728647084,17.5068101725748,11792.3387375451,17497.146018876,17504.0780005673,38720,31997844,31959124,4.05767552996266,-21.4084781083416,-5.73808674324545
"SK01","SVK",2008,5.74257759529721,20.240735363079,20.2717072298023,14250.4641862079,17676.4788209333,17682.3374159256,36758,21650636,21613878,4.72211709572247,-22.1828769105698,-5.42841272227812
"SK02","SVK",1998,7.48522021378549,17.4383651756558,17.6305347592818,13521.9467941368,17119.1896607665,17171.7556508992,485280,33647432,33162152,4.15700967157739,-18.3879455128451,-5.82737848069821
"SK02","SVK",2008,6.59180776368283,20.1344666907762,20.601249236007,15657.3052123989,17578.7425609538,17621.4625843363,474659,21855716,21381057,4.60767600988467,-23.4594373805644,-4.45457327910896
"SK03","SVK",1998,7.6984995950859,18.7501307678487,18.7828014652677,21014.443851995,18731.5995335103,18722.140383733,136660,33519609,33382949,4.93260248157352,-15.7080616840579,-7.54182490606947
"SK03","SVK",2008,6.70226618597143,18.297382050102,18.3656085301781,11861.1994116635,16585.6952584632,16607.2667492007,91886,20312674,20220788,3.2840245670031,-22.8971103972012,-4.81210766621783
"SK04","SVK",1998,9.64209573363489,17.3815930195413,17.3959219717358,15759.9240665133,17555.9432553122,17568.3066942761,223630,32176577,31952947,5.05089789433795,-16.2707012382862,-9.06106143596385
"SK04","SVK",2008,5.48680782529159,27.4364651878903,27.4794704943105,9494.35315631686,17058.8090950058,17123.7176126934,47984,5599557,5551573,2.41938690936693,-23.1002548751632,-5.2914648364999
"UKC","GBR",1998,21.2178468011616,18.881716814997,18.7566549949352,19546.2538963588,15866.8969634229,15848.374240658,41380,8117416,8076036,1,-30.56992019262,-7.47967243152672
"UKD","GBR",1998,12.6829662556808,18.881716814997,18.784207064317,16146.8921571779,15866.8969634229,15865.8860593385,40180,8117416,8077236,1,-34.8680261660746,-7.2913721324533
"UKE","GBR",1978,17.7269459678345,12.2563152653483,12.05019489671,16402.8502152352,11890.519336665,11784.8416038802,247450,10428410,10180960,1,-22.2265698555706,-17.1838508167269
"UKE","GBR",1988,21.4208029009321,13.9211033665387,13.660366216084,19705.6465810711,13178.3735402759,13067.73443616,145970,8505690,8359720,1,-17.3661926561777,-8.6399283347886
"UKE","GBR",1998,34.2192603931422,18.881716814997,18.5543265182896,20516.7597184299,15866.8969634229,15799.52665956,116070,8117416,8001346,1,-35.9250310395379,-7.61497516068597
"UKF","GBR",1978,12.636890835608,12.2563152653483,12.1247152209812,16019.5415121551,11890.519336665,11797.443919103,238060,10428410,10190350,1,-21.5676937469559,-22.3994241235129
"UKF","GBR",1988,16.3478792905647,13.9211033665387,13.6775281157988,18514.0989296644,13178.3735402759,13098.3956743826,131720,8505690,8373970,1,-18.6970527978462,-6.29169654918604
"UKF","GBR",1998,28.0003791159708,18.881716814997,18.657452286825,19624.4729755717,15866.8969634229,15825.8468743159,88750,8117416,8028666,1,-37.0207185092594,-7.96606612694611
"UKG","GBR",1978,15.1762879404199,12.2563152653483,12.1313523169415,15953.3156769004,11890.519336665,11831.4096305203,152320,10428410,10276090,1,-19.7856674260361,-19.0760169022573
"UKG","GBR",1988,15.8688840389087,13.9211033665387,13.8209765560176,18321.7288248694,13178.3735402759,13120.7485108237,97970,8505690,8407720,1,-18.5010773694612,-8.344577135121
"UKG","GBR",1998,14.000635925958,18.881716814997,18.6810643924604,18289.8424926335,15866.8969634229,15848.6202663217,63120,8117416,8054296,1,-47.945498166359,-6.68391245420745
"UKH","GBR",1998,27.5876848148699,18.881716814997,18.3004039761838,19631.1718234101,15866.8969634229,15791.4425181203,159770,8117416,7957646,1,-36.6223375842741,-8.09529881954161
"UKK","GBR",1978,17.0131775636999,12.2563152653483,12.0828116728187,15763.9662776191,11890.519336665,11803.0584140226,232720,10428410,10195690,1,-18.0622425964798,-13.4691938872017
"UKK","GBR",1988,22.6366466349368,13.9211033665387,13.6477311542327,17167.5506295934,13178.3735402759,13106.616111363,154690,8505690,8351000,1,-17.5086444607805,-10.7517050408955
"UKK","GBR",1998,24.4410901320508,18.881716814997,18.5912150112773,17559.0516714258,15866.8969634229,15844.0835847016,113710,8117416,8003706,1,-49.6355087991397,-6.99571533859357
"UKL","GBR",1978,16.6520987846268,13.7644483638064,13.7258128076301,15200.8631696992,12456.9677395002,12442.8292059555,60030,11640180,11580150,1.37711882982941,-18.4374262193982,-17.3083068769439
"UKL","GBR",1988,14.0316593947327,13.9211033665387,13.8787968682126,15792.7729602711,13178.3735402759,13167.4374253229,36980,8505690,8468710,1,-17.6899957318123,-8.87771978304802
"UKL","GBR",1998,19.9079057843568,18.881716814997,18.8396839663158,16704.2900140076,15866.8969634229,15864.5801407867,24760,8117416,8092656,1,-46.5238530707019,-6.89625044117855
"UKM","GBR",1978,15.2550433783094,13.7644483638064,13.0659730795369,16068.5986065404,12456.9677395002,12305.6666584123,464300,11640180,11175880,1.29483506083361,-16.8014449402119,-17.0249106781391
"UKM","GBR",1988,13.2454489894864,17.3623483674337,16.4831131788966,17717.8435633394,14076.4909747038,13937.3292435849,402200,10842370,10440170,1.87127437947881,-20.0322946557938,-10.1524389980826
"UKM","GBR",1998,21.8333545906754,18.881716814997,17.9845906880767,18840.8730292356,15866.8969634229,15749.2132834626,314130,8117416,7803286,1,-29.4373947372495,-7.64488889307192
"UKN","GBR",1978,10.7986363905739,13.7644483638064,13.7177489140631,14169.3571253096,12456.9677395002,12447.7847467847,62340,11640180,11577840,1.68678153905921,-18.8684909463817,-11.9949383615009
"UKN","GBR",1988,12.4281480635817,15.5723933027292,15.4795460400998,16621.7759960596,14000.6410411656,13987.9538966877,46480,9474120,9427640,1.66732909758447,-26.110864650591,-11.0090013411806
"UKN","GBR",1998,10.913198593547,18.881716814997,18.8177572688993,16141.4427257424,15866.8969634229,15866.0152488556,29050,8117416,8088366,1,-40.5464859947557,-7.74956943243176
